============================================================
  Generated by:           Genus(TM) Synthesis Solution 17.14-s037_1
  Generated on:           Sep 21 2026  05:20:50 pm
  Module:                 mac_array
  Operating conditions:   _nominal_ (balanced_tree)
  Wireload mode:          enclosed
  Area mode:              timing library
============================================================


Path 1: MET (299 ps) Setup Check with Pin g_k[15].g_m[0].u_pe_g_pipe1.psum_q_reg[31]/CK->D
          Group: clk
     Startpoint: (R) g_iskew[15].g_delay.sr_reg[14][1]/CK
          Clock: (R) clk
       Endpoint: (R) g_k[15].g_m[0].u_pe_g_pipe1.psum_q_reg[31]/D
          Clock: (R) clk

                     Capture       Launch     
        Clock Edge:+    1000            0     
       Src Latency:+       0            0     
       Net Latency:+       0 (I)        0 (I) 
           Arrival:=    1000            0     
                                              
             Setup:-       4                  
       Uncertainty:-      50                  
     Required Time:=     946                  
      Launch Clock:-       0                  
         Data Path:-     646                  
             Slack:=     299                  

#--------------------------------------------------------------------------------------------------------------------------------------
#                      Timing Point                       Flags    Arc   Edge          Cell            Fanout Load Trans Delay Arrival 
#                                                                                                             (fF)  (ps)  (ps)   (ps)  
#--------------------------------------------------------------------------------------------------------------------------------------
  g_iskew[15].g_delay.sr_reg[14][1]/CK                    -       -      R     (arrival)                12975    -    20     -       0 
  g_iskew[15].g_delay.sr_reg[14][1]/Q                     -       CK->Q  F     SAEDRVT14_FDPRBQ_V2_1       12  3.5    10    34      34 
  g_k[15].g_m[0].u_pe_csa_tree_add_103_47_groupi_g2467/X  -       A->X   R     SAEDRVT14_INV_1              9  2.0     8    10      44 
  g_k[15].g_m[0].u_pe_csa_tree_add_103_47_groupi_g2449/X  -       D0->X  F     SAEDRVT14_MUXI2_U_0P5        2  0.9    12    14      58 
  g_k[15].g_m[0].u_pe_csa_tree_add_103_47_groupi_g2428/X  -       A->X   R     SAEDRVT14_INV_1              9  4.0    14    16      73 
  g_k[15].g_m[0].u_pe_csa_tree_add_103_47_groupi_g2401/X  -       A2->X  F     SAEDRVT14_ND2_CDC_0P5        8  2.9    16    18      91 
  g_k[15].g_m[0].u_pe_csa_tree_add_103_47_groupi_g2360/X  -       A1->X  R     SAEDRVT14_OAI22_0P75         1  0.7    11    12     103 
  g_k[15].g_m[0].u_pe_csa_tree_add_103_47_groupi_g2335/S  -       CI->S  F     SAEDRVT14_ADDF_V1_1          1  1.3     6    39     142 
  g_k[15].g_m[0].u_pe_csa_tree_add_103_47_groupi_g2323/CO -       A->CO  F     SAEDRVT14_ADDF_V1_1          1  0.7     5    17     159 
  g_k[15].g_m[0].u_pe_csa_tree_add_103_47_groupi_g2320/CO -       CI->CO F     SAEDRVT14_ADDF_V1_1          1  0.7     5    18     176 
  g_k[15].g_m[0].u_pe_csa_tree_add_103_47_groupi_g2319/CO -       CI->CO F     SAEDRVT14_ADDF_V1_1          1  0.7     5    18     194 
  g_k[15].g_m[0].u_pe_csa_tree_add_103_47_groupi_g2318/CO -       CI->CO F     SAEDRVT14_ADDF_V1_1          1  0.7     5    18     211 
  g_k[15].g_m[0].u_pe_csa_tree_add_103_47_groupi_g2317/CO -       CI->CO F     SAEDRVT14_ADDF_V1_1          1  0.7     5    18     229 
  g_k[15].g_m[0].u_pe_csa_tree_add_103_47_groupi_g2316/CO -       CI->CO F     SAEDRVT14_ADDF_V1_1          1  0.7     5    18     246 
  g_k[15].g_m[0].u_pe_csa_tree_add_103_47_groupi_g2315/CO -       CI->CO F     SAEDRVT14_ADDF_V1_1          1  0.7     5    18     264 
  g_k[15].g_m[0].u_pe_csa_tree_add_103_47_groupi_g2314/CO -       CI->CO F     SAEDRVT14_ADDF_V1_1          1  0.7     5    18     281 
  g_k[15].g_m[0].u_pe_csa_tree_add_103_47_groupi_g2313/CO -       CI->CO F     SAEDRVT14_ADDF_V1_1          1  0.7     5    18     299 
  g_k[15].g_m[0].u_pe_csa_tree_add_103_47_groupi_g2312/CO -       CI->CO F     SAEDRVT14_ADDF_V1_1          1  0.7     5    18     316 
  g_k[15].g_m[0].u_pe_csa_tree_add_103_47_groupi_g2311/CO -       CI->CO F     SAEDRVT14_ADDF_V1_1          1  0.7     5    18     334 
  g_k[15].g_m[0].u_pe_csa_tree_add_103_47_groupi_g2310/CO -       CI->CO F     SAEDRVT14_ADDF_V1_1          1  0.7     5    18     351 
  g_k[15].g_m[0].u_pe_csa_tree_add_103_47_groupi_g2309/CO -       CI->CO F     SAEDRVT14_ADDF_V1_1          1  0.7     5    18     369 
  g_k[15].g_m[0].u_pe_csa_tree_add_103_47_groupi_g2308/CO -       CI->CO F     SAEDRVT14_ADDF_V1_1          1  0.7     5    18     386 
  g_k[15].g_m[0].u_pe_csa_tree_add_103_47_groupi_g2307/CO -       CI->CO F     SAEDRVT14_ADDF_V1_1          1  0.7     5    18     404 
  g_k[15].g_m[0].u_pe_csa_tree_add_103_47_groupi_g2306/CO -       CI->CO F     SAEDRVT14_ADDF_V1_1          1  0.7     5    18     421 
  g_k[15].g_m[0].u_pe_csa_tree_add_103_47_groupi_g2305/CO -       CI->CO F     SAEDRVT14_ADDF_V1_1          1  0.7     5    18     439 
  g_k[15].g_m[0].u_pe_csa_tree_add_103_47_groupi_g2304/CO -       CI->CO F     SAEDRVT14_ADDF_V1_1          1  0.7     5    18     456 
  g_k[15].g_m[0].u_pe_csa_tree_add_103_47_groupi_g2303/CO -       CI->CO F     SAEDRVT14_ADDF_V1_1          1  0.7     5    18     474 
  g_k[15].g_m[0].u_pe_csa_tree_add_103_47_groupi_g2302/CO -       CI->CO F     SAEDRVT14_ADDF_V1_1          1  0.7     5    18     491 
  g_k[15].g_m[0].u_pe_csa_tree_add_103_47_groupi_g2301/CO -       CI->CO F     SAEDRVT14_ADDF_V1_1          1  0.7     5    18     509 
  g_k[15].g_m[0].u_pe_csa_tree_add_103_47_groupi_g2300/CO -       CI->CO F     SAEDRVT14_ADDF_V1_1          1  0.7     5    18     526 
  g_k[15].g_m[0].u_pe_csa_tree_add_103_47_groupi_g2299/CO -       CI->CO F     SAEDRVT14_ADDF_V1_1          1  0.7     5    18     544 
  g_k[15].g_m[0].u_pe_csa_tree_add_103_47_groupi_g2298/CO -       CI->CO F     SAEDRVT14_ADDF_V1_1          1  0.7     5    18     561 
  g_k[15].g_m[0].u_pe_csa_tree_add_103_47_groupi_g2297/CO -       CI->CO F     SAEDRVT14_ADDF_V1_1          1  0.7     5    18     579 
  g_k[15].g_m[0].u_pe_csa_tree_add_103_47_groupi_g2296/CO -       CI->CO F     SAEDRVT14_ADDF_V1_1          1  0.7     5    18     596 
  g_k[15].g_m[0].u_pe_csa_tree_add_103_47_groupi_g2295/CO -       CI->CO F     SAEDRVT14_ADDF_V1_1          1  0.7     5    18     614 
  g_k[15].g_m[0].u_pe_csa_tree_add_103_47_groupi_g2294/CO -       CI->CO F     SAEDRVT14_ADDF_V1_1          1  0.5     4    17     630 
  g_k[15].g_m[0].u_pe_csa_tree_add_103_47_groupi_g2293/X  -       A1->X  R     SAEDRVT14_EN3_1              1  0.3     3    16     646 
  g_k[15].g_m[0].u_pe_g_pipe1.psum_q_reg[31]/D            -       -      R     SAEDRVT14_FDPRBQ_V2LP_1      1    -     -     0     646 
#--------------------------------------------------------------------------------------------------------------------------------------



Path 2: MET (299 ps) Setup Check with Pin g_k[15].g_m[1].u_pe_g_pipe1.psum_q_reg[31]/CK->D
          Group: clk
     Startpoint: (R) g_k[15].g_m[0].u_pe_a_out_reg[1]/CK
          Clock: (R) clk
       Endpoint: (R) g_k[15].g_m[1].u_pe_g_pipe1.psum_q_reg[31]/D
          Clock: (R) clk

                     Capture       Launch     
        Clock Edge:+    1000            0     
       Src Latency:+       0            0     
       Net Latency:+       0 (I)        0 (I) 
           Arrival:=    1000            0     
                                              
             Setup:-       4                  
       Uncertainty:-      50                  
     Required Time:=     946                  
      Launch Clock:-       0                  
         Data Path:-     646                  
             Slack:=     299                  

#--------------------------------------------------------------------------------------------------------------------------------------
#                      Timing Point                       Flags    Arc   Edge          Cell            Fanout Load Trans Delay Arrival 
#                                                                                                             (fF)  (ps)  (ps)   (ps)  
#--------------------------------------------------------------------------------------------------------------------------------------
  g_k[15].g_m[0].u_pe_a_out_reg[1]/CK                     -       -      R     (arrival)                12975    -    20     -       0 
  g_k[15].g_m[0].u_pe_a_out_reg[1]/Q                      -       CK->Q  F     SAEDRVT14_FDPRBQ_V2_1       12  3.5    10    34      34 
  g_k[15].g_m[1].u_pe_csa_tree_add_103_47_groupi_g2467/X  -       A->X   R     SAEDRVT14_INV_1              9  2.0     8    10      44 
  g_k[15].g_m[1].u_pe_csa_tree_add_103_47_groupi_g2449/X  -       D0->X  F     SAEDRVT14_MUXI2_U_0P5        2  0.9    12    14      58 
  g_k[15].g_m[1].u_pe_csa_tree_add_103_47_groupi_g2428/X  -       A->X   R     SAEDRVT14_INV_1              9  4.0    14    16      73 
  g_k[15].g_m[1].u_pe_csa_tree_add_103_47_groupi_g2401/X  -       A2->X  F     SAEDRVT14_ND2_CDC_0P5        8  2.9    16    18      91 
  g_k[15].g_m[1].u_pe_csa_tree_add_103_47_groupi_g2360/X  -       A1->X  R     SAEDRVT14_OAI22_0P75         1  0.7    11    12     103 
  g_k[15].g_m[1].u_pe_csa_tree_add_103_47_groupi_g2335/S  -       CI->S  F     SAEDRVT14_ADDF_V1_1          1  1.3     6    39     142 
  g_k[15].g_m[1].u_pe_csa_tree_add_103_47_groupi_g2323/CO -       A->CO  F     SAEDRVT14_ADDF_V1_1          1  0.7     5    17     159 
  g_k[15].g_m[1].u_pe_csa_tree_add_103_47_groupi_g2320/CO -       CI->CO F     SAEDRVT14_ADDF_V1_1          1  0.7     5    18     176 
  g_k[15].g_m[1].u_pe_csa_tree_add_103_47_groupi_g2319/CO -       CI->CO F     SAEDRVT14_ADDF_V1_1          1  0.7     5    18     194 
  g_k[15].g_m[1].u_pe_csa_tree_add_103_47_groupi_g2318/CO -       CI->CO F     SAEDRVT14_ADDF_V1_1          1  0.7     5    18     211 
  g_k[15].g_m[1].u_pe_csa_tree_add_103_47_groupi_g2317/CO -       CI->CO F     SAEDRVT14_ADDF_V1_1          1  0.7     5    18     229 
  g_k[15].g_m[1].u_pe_csa_tree_add_103_47_groupi_g2316/CO -       CI->CO F     SAEDRVT14_ADDF_V1_1          1  0.7     5    18     246 
  g_k[15].g_m[1].u_pe_csa_tree_add_103_47_groupi_g2315/CO -       CI->CO F     SAEDRVT14_ADDF_V1_1          1  0.7     5    18     264 
  g_k[15].g_m[1].u_pe_csa_tree_add_103_47_groupi_g2314/CO -       CI->CO F     SAEDRVT14_ADDF_V1_1          1  0.7     5    18     281 
  g_k[15].g_m[1].u_pe_csa_tree_add_103_47_groupi_g2313/CO -       CI->CO F     SAEDRVT14_ADDF_V1_1          1  0.7     5    18     299 
  g_k[15].g_m[1].u_pe_csa_tree_add_103_47_groupi_g2312/CO -       CI->CO F     SAEDRVT14_ADDF_V1_1          1  0.7     5    18     316 
  g_k[15].g_m[1].u_pe_csa_tree_add_103_47_groupi_g2311/CO -       CI->CO F     SAEDRVT14_ADDF_V1_1          1  0.7     5    18     334 
  g_k[15].g_m[1].u_pe_csa_tree_add_103_47_groupi_g2310/CO -       CI->CO F     SAEDRVT14_ADDF_V1_1          1  0.7     5    18     351 
  g_k[15].g_m[1].u_pe_csa_tree_add_103_47_groupi_g2309/CO -       CI->CO F     SAEDRVT14_ADDF_V1_1          1  0.7     5    18     369 
  g_k[15].g_m[1].u_pe_csa_tree_add_103_47_groupi_g2308/CO -       CI->CO F     SAEDRVT14_ADDF_V1_1          1  0.7     5    18     386 
  g_k[15].g_m[1].u_pe_csa_tree_add_103_47_groupi_g2307/CO -       CI->CO F     SAEDRVT14_ADDF_V1_1          1  0.7     5    18     404 
  g_k[15].g_m[1].u_pe_csa_tree_add_103_47_groupi_g2306/CO -       CI->CO F     SAEDRVT14_ADDF_V1_1          1  0.7     5    18     421 
  g_k[15].g_m[1].u_pe_csa_tree_add_103_47_groupi_g2305/CO -       CI->CO F     SAEDRVT14_ADDF_V1_1          1  0.7     5    18     439 
  g_k[15].g_m[1].u_pe_csa_tree_add_103_47_groupi_g2304/CO -       CI->CO F     SAEDRVT14_ADDF_V1_1          1  0.7     5    18     456 
  g_k[15].g_m[1].u_pe_csa_tree_add_103_47_groupi_g2303/CO -       CI->CO F     SAEDRVT14_ADDF_V1_1          1  0.7     5    18     474 
  g_k[15].g_m[1].u_pe_csa_tree_add_103_47_groupi_g2302/CO -       CI->CO F     SAEDRVT14_ADDF_V1_1          1  0.7     5    18     491 
  g_k[15].g_m[1].u_pe_csa_tree_add_103_47_groupi_g2301/CO -       CI->CO F     SAEDRVT14_ADDF_V1_1          1  0.7     5    18     509 
  g_k[15].g_m[1].u_pe_csa_tree_add_103_47_groupi_g2300/CO -       CI->CO F     SAEDRVT14_ADDF_V1_1          1  0.7     5    18     526 
  g_k[15].g_m[1].u_pe_csa_tree_add_103_47_groupi_g2299/CO -       CI->CO F     SAEDRVT14_ADDF_V1_1          1  0.7     5    18     544 
  g_k[15].g_m[1].u_pe_csa_tree_add_103_47_groupi_g2298/CO -       CI->CO F     SAEDRVT14_ADDF_V1_1          1  0.7     5    18     561 
  g_k[15].g_m[1].u_pe_csa_tree_add_103_47_groupi_g2297/CO -       CI->CO F     SAEDRVT14_ADDF_V1_1          1  0.7     5    18     579 
  g_k[15].g_m[1].u_pe_csa_tree_add_103_47_groupi_g2296/CO -       CI->CO F     SAEDRVT14_ADDF_V1_1          1  0.7     5    18     596 
  g_k[15].g_m[1].u_pe_csa_tree_add_103_47_groupi_g2295/CO -       CI->CO F     SAEDRVT14_ADDF_V1_1          1  0.7     5    18     614 
  g_k[15].g_m[1].u_pe_csa_tree_add_103_47_groupi_g2294/CO -       CI->CO F     SAEDRVT14_ADDF_V1_1          1  0.5     4    17     630 
  g_k[15].g_m[1].u_pe_csa_tree_add_103_47_groupi_g2293/X  -       A1->X  R     SAEDRVT14_EN3_1              1  0.3     3    16     646 
  g_k[15].g_m[1].u_pe_g_pipe1.psum_q_reg[31]/D            -       -      R     SAEDRVT14_FDPRBQ_V2LP_1      1    -     -     0     646 
#--------------------------------------------------------------------------------------------------------------------------------------



Path 3: MET (299 ps) Setup Check with Pin g_k[15].g_m[2].u_pe_g_pipe1.psum_q_reg[31]/CK->D
          Group: clk
     Startpoint: (R) g_k[15].g_m[1].u_pe_a_out_reg[1]/CK
          Clock: (R) clk
       Endpoint: (R) g_k[15].g_m[2].u_pe_g_pipe1.psum_q_reg[31]/D
          Clock: (R) clk

                     Capture       Launch     
        Clock Edge:+    1000            0     
       Src Latency:+       0            0     
       Net Latency:+       0 (I)        0 (I) 
           Arrival:=    1000            0     
                                              
             Setup:-       4                  
       Uncertainty:-      50                  
     Required Time:=     946                  
      Launch Clock:-       0                  
         Data Path:-     646                  
             Slack:=     299                  

#--------------------------------------------------------------------------------------------------------------------------------------
#                      Timing Point                       Flags    Arc   Edge          Cell            Fanout Load Trans Delay Arrival 
#                                                                                                             (fF)  (ps)  (ps)   (ps)  
#--------------------------------------------------------------------------------------------------------------------------------------
  g_k[15].g_m[1].u_pe_a_out_reg[1]/CK                     -       -      R     (arrival)                12975    -    20     -       0 
  g_k[15].g_m[1].u_pe_a_out_reg[1]/Q                      -       CK->Q  F     SAEDRVT14_FDPRBQ_V2_1       12  3.5    10    34      34 
  g_k[15].g_m[2].u_pe_csa_tree_add_103_47_groupi_g2467/X  -       A->X   R     SAEDRVT14_INV_1              9  2.0     8    10      44 
  g_k[15].g_m[2].u_pe_csa_tree_add_103_47_groupi_g2449/X  -       D0->X  F     SAEDRVT14_MUXI2_U_0P5        2  0.9    12    14      58 
  g_k[15].g_m[2].u_pe_csa_tree_add_103_47_groupi_g2428/X  -       A->X   R     SAEDRVT14_INV_1              9  4.0    14    16      73 
  g_k[15].g_m[2].u_pe_csa_tree_add_103_47_groupi_g2401/X  -       A2->X  F     SAEDRVT14_ND2_CDC_0P5        8  2.9    16    18      91 
  g_k[15].g_m[2].u_pe_csa_tree_add_103_47_groupi_g2360/X  -       A1->X  R     SAEDRVT14_OAI22_0P75         1  0.7    11    12     103 
  g_k[15].g_m[2].u_pe_csa_tree_add_103_47_groupi_g2335/S  -       CI->S  F     SAEDRVT14_ADDF_V1_1          1  1.3     6    39     142 
  g_k[15].g_m[2].u_pe_csa_tree_add_103_47_groupi_g2323/CO -       A->CO  F     SAEDRVT14_ADDF_V1_1          1  0.7     5    17     159 
  g_k[15].g_m[2].u_pe_csa_tree_add_103_47_groupi_g2320/CO -       CI->CO F     SAEDRVT14_ADDF_V1_1          1  0.7     5    18     176 
  g_k[15].g_m[2].u_pe_csa_tree_add_103_47_groupi_g2319/CO -       CI->CO F     SAEDRVT14_ADDF_V1_1          1  0.7     5    18     194 
  g_k[15].g_m[2].u_pe_csa_tree_add_103_47_groupi_g2318/CO -       CI->CO F     SAEDRVT14_ADDF_V1_1          1  0.7     5    18     211 
  g_k[15].g_m[2].u_pe_csa_tree_add_103_47_groupi_g2317/CO -       CI->CO F     SAEDRVT14_ADDF_V1_1          1  0.7     5    18     229 
  g_k[15].g_m[2].u_pe_csa_tree_add_103_47_groupi_g2316/CO -       CI->CO F     SAEDRVT14_ADDF_V1_1          1  0.7     5    18     246 
  g_k[15].g_m[2].u_pe_csa_tree_add_103_47_groupi_g2315/CO -       CI->CO F     SAEDRVT14_ADDF_V1_1          1  0.7     5    18     264 
  g_k[15].g_m[2].u_pe_csa_tree_add_103_47_groupi_g2314/CO -       CI->CO F     SAEDRVT14_ADDF_V1_1          1  0.7     5    18     281 
  g_k[15].g_m[2].u_pe_csa_tree_add_103_47_groupi_g2313/CO -       CI->CO F     SAEDRVT14_ADDF_V1_1          1  0.7     5    18     299 
  g_k[15].g_m[2].u_pe_csa_tree_add_103_47_groupi_g2312/CO -       CI->CO F     SAEDRVT14_ADDF_V1_1          1  0.7     5    18     316 
  g_k[15].g_m[2].u_pe_csa_tree_add_103_47_groupi_g2311/CO -       CI->CO F     SAEDRVT14_ADDF_V1_1          1  0.7     5    18     334 
  g_k[15].g_m[2].u_pe_csa_tree_add_103_47_groupi_g2310/CO -       CI->CO F     SAEDRVT14_ADDF_V1_1          1  0.7     5    18     351 
  g_k[15].g_m[2].u_pe_csa_tree_add_103_47_groupi_g2309/CO -       CI->CO F     SAEDRVT14_ADDF_V1_1          1  0.7     5    18     369 
  g_k[15].g_m[2].u_pe_csa_tree_add_103_47_groupi_g2308/CO -       CI->CO F     SAEDRVT14_ADDF_V1_1          1  0.7     5    18     386 
  g_k[15].g_m[2].u_pe_csa_tree_add_103_47_groupi_g2307/CO -       CI->CO F     SAEDRVT14_ADDF_V1_1          1  0.7     5    18     404 
  g_k[15].g_m[2].u_pe_csa_tree_add_103_47_groupi_g2306/CO -       CI->CO F     SAEDRVT14_ADDF_V1_1          1  0.7     5    18     421 
  g_k[15].g_m[2].u_pe_csa_tree_add_103_47_groupi_g2305/CO -       CI->CO F     SAEDRVT14_ADDF_V1_1          1  0.7     5    18     439 
  g_k[15].g_m[2].u_pe_csa_tree_add_103_47_groupi_g2304/CO -       CI->CO F     SAEDRVT14_ADDF_V1_1          1  0.7     5    18     456 
  g_k[15].g_m[2].u_pe_csa_tree_add_103_47_groupi_g2303/CO -       CI->CO F     SAEDRVT14_ADDF_V1_1          1  0.7     5    18     474 
  g_k[15].g_m[2].u_pe_csa_tree_add_103_47_groupi_g2302/CO -       CI->CO F     SAEDRVT14_ADDF_V1_1          1  0.7     5    18     491 
  g_k[15].g_m[2].u_pe_csa_tree_add_103_47_groupi_g2301/CO -       CI->CO F     SAEDRVT14_ADDF_V1_1          1  0.7     5    18     509 
  g_k[15].g_m[2].u_pe_csa_tree_add_103_47_groupi_g2300/CO -       CI->CO F     SAEDRVT14_ADDF_V1_1          1  0.7     5    18     526 
  g_k[15].g_m[2].u_pe_csa_tree_add_103_47_groupi_g2299/CO -       CI->CO F     SAEDRVT14_ADDF_V1_1          1  0.7     5    18     544 
  g_k[15].g_m[2].u_pe_csa_tree_add_103_47_groupi_g2298/CO -       CI->CO F     SAEDRVT14_ADDF_V1_1          1  0.7     5    18     561 
  g_k[15].g_m[2].u_pe_csa_tree_add_103_47_groupi_g2297/CO -       CI->CO F     SAEDRVT14_ADDF_V1_1          1  0.7     5    18     579 
  g_k[15].g_m[2].u_pe_csa_tree_add_103_47_groupi_g2296/CO -       CI->CO F     SAEDRVT14_ADDF_V1_1          1  0.7     5    18     596 
  g_k[15].g_m[2].u_pe_csa_tree_add_103_47_groupi_g2295/CO -       CI->CO F     SAEDRVT14_ADDF_V1_1          1  0.7     5    18     614 
  g_k[15].g_m[2].u_pe_csa_tree_add_103_47_groupi_g2294/CO -       CI->CO F     SAEDRVT14_ADDF_V1_1          1  0.5     4    17     630 
  g_k[15].g_m[2].u_pe_csa_tree_add_103_47_groupi_g2293/X  -       A1->X  R     SAEDRVT14_EN3_1              1  0.3     3    16     646 
  g_k[15].g_m[2].u_pe_g_pipe1.psum_q_reg[31]/D            -       -      R     SAEDRVT14_FDPRBQ_V2LP_1      1    -     -     0     646 
#--------------------------------------------------------------------------------------------------------------------------------------



Path 4: MET (299 ps) Setup Check with Pin g_k[15].g_m[3].u_pe_g_pipe1.psum_q_reg[31]/CK->D
          Group: clk
     Startpoint: (R) g_k[15].g_m[2].u_pe_a_out_reg[1]/CK
          Clock: (R) clk
       Endpoint: (R) g_k[15].g_m[3].u_pe_g_pipe1.psum_q_reg[31]/D
          Clock: (R) clk

                     Capture       Launch     
        Clock Edge:+    1000            0     
       Src Latency:+       0            0     
       Net Latency:+       0 (I)        0 (I) 
           Arrival:=    1000            0     
                                              
             Setup:-       4                  
       Uncertainty:-      50                  
     Required Time:=     946                  
      Launch Clock:-       0                  
         Data Path:-     646                  
             Slack:=     299                  

#--------------------------------------------------------------------------------------------------------------------------------------
#                      Timing Point                       Flags    Arc   Edge          Cell            Fanout Load Trans Delay Arrival 
#                                                                                                             (fF)  (ps)  (ps)   (ps)  
#--------------------------------------------------------------------------------------------------------------------------------------
  g_k[15].g_m[2].u_pe_a_out_reg[1]/CK                     -       -      R     (arrival)                12975    -    20     -       0 
  g_k[15].g_m[2].u_pe_a_out_reg[1]/Q                      -       CK->Q  F     SAEDRVT14_FDPRBQ_V2_1       12  3.5    10    34      34 
  g_k[15].g_m[3].u_pe_csa_tree_add_103_47_groupi_g2467/X  -       A->X   R     SAEDRVT14_INV_1              9  2.0     8    10      44 
  g_k[15].g_m[3].u_pe_csa_tree_add_103_47_groupi_g2449/X  -       D0->X  F     SAEDRVT14_MUXI2_U_0P5        2  0.9    12    14      58 
  g_k[15].g_m[3].u_pe_csa_tree_add_103_47_groupi_g2428/X  -       A->X   R     SAEDRVT14_INV_1              9  4.0    14    16      73 
  g_k[15].g_m[3].u_pe_csa_tree_add_103_47_groupi_g2401/X  -       A2->X  F     SAEDRVT14_ND2_CDC_0P5        8  2.9    16    18      91 
  g_k[15].g_m[3].u_pe_csa_tree_add_103_47_groupi_g2360/X  -       A1->X  R     SAEDRVT14_OAI22_0P75         1  0.7    11    12     103 
  g_k[15].g_m[3].u_pe_csa_tree_add_103_47_groupi_g2335/S  -       CI->S  F     SAEDRVT14_ADDF_V1_1          1  1.3     6    39     142 
  g_k[15].g_m[3].u_pe_csa_tree_add_103_47_groupi_g2323/CO -       A->CO  F     SAEDRVT14_ADDF_V1_1          1  0.7     5    17     159 
  g_k[15].g_m[3].u_pe_csa_tree_add_103_47_groupi_g2320/CO -       CI->CO F     SAEDRVT14_ADDF_V1_1          1  0.7     5    18     176 
  g_k[15].g_m[3].u_pe_csa_tree_add_103_47_groupi_g2319/CO -       CI->CO F     SAEDRVT14_ADDF_V1_1          1  0.7     5    18     194 
  g_k[15].g_m[3].u_pe_csa_tree_add_103_47_groupi_g2318/CO -       CI->CO F     SAEDRVT14_ADDF_V1_1          1  0.7     5    18     211 
  g_k[15].g_m[3].u_pe_csa_tree_add_103_47_groupi_g2317/CO -       CI->CO F     SAEDRVT14_ADDF_V1_1          1  0.7     5    18     229 
  g_k[15].g_m[3].u_pe_csa_tree_add_103_47_groupi_g2316/CO -       CI->CO F     SAEDRVT14_ADDF_V1_1          1  0.7     5    18     246 
  g_k[15].g_m[3].u_pe_csa_tree_add_103_47_groupi_g2315/CO -       CI->CO F     SAEDRVT14_ADDF_V1_1          1  0.7     5    18     264 
  g_k[15].g_m[3].u_pe_csa_tree_add_103_47_groupi_g2314/CO -       CI->CO F     SAEDRVT14_ADDF_V1_1          1  0.7     5    18     281 
  g_k[15].g_m[3].u_pe_csa_tree_add_103_47_groupi_g2313/CO -       CI->CO F     SAEDRVT14_ADDF_V1_1          1  0.7     5    18     299 
  g_k[15].g_m[3].u_pe_csa_tree_add_103_47_groupi_g2312/CO -       CI->CO F     SAEDRVT14_ADDF_V1_1          1  0.7     5    18     316 
  g_k[15].g_m[3].u_pe_csa_tree_add_103_47_groupi_g2311/CO -       CI->CO F     SAEDRVT14_ADDF_V1_1          1  0.7     5    18     334 
  g_k[15].g_m[3].u_pe_csa_tree_add_103_47_groupi_g2310/CO -       CI->CO F     SAEDRVT14_ADDF_V1_1          1  0.7     5    18     351 
  g_k[15].g_m[3].u_pe_csa_tree_add_103_47_groupi_g2309/CO -       CI->CO F     SAEDRVT14_ADDF_V1_1          1  0.7     5    18     369 
  g_k[15].g_m[3].u_pe_csa_tree_add_103_47_groupi_g2308/CO -       CI->CO F     SAEDRVT14_ADDF_V1_1          1  0.7     5    18     386 
  g_k[15].g_m[3].u_pe_csa_tree_add_103_47_groupi_g2307/CO -       CI->CO F     SAEDRVT14_ADDF_V1_1          1  0.7     5    18     404 
  g_k[15].g_m[3].u_pe_csa_tree_add_103_47_groupi_g2306/CO -       CI->CO F     SAEDRVT14_ADDF_V1_1          1  0.7     5    18     421 
  g_k[15].g_m[3].u_pe_csa_tree_add_103_47_groupi_g2305/CO -       CI->CO F     SAEDRVT14_ADDF_V1_1          1  0.7     5    18     439 
  g_k[15].g_m[3].u_pe_csa_tree_add_103_47_groupi_g2304/CO -       CI->CO F     SAEDRVT14_ADDF_V1_1          1  0.7     5    18     456 
  g_k[15].g_m[3].u_pe_csa_tree_add_103_47_groupi_g2303/CO -       CI->CO F     SAEDRVT14_ADDF_V1_1          1  0.7     5    18     474 
  g_k[15].g_m[3].u_pe_csa_tree_add_103_47_groupi_g2302/CO -       CI->CO F     SAEDRVT14_ADDF_V1_1          1  0.7     5    18     491 
  g_k[15].g_m[3].u_pe_csa_tree_add_103_47_groupi_g2301/CO -       CI->CO F     SAEDRVT14_ADDF_V1_1          1  0.7     5    18     509 
  g_k[15].g_m[3].u_pe_csa_tree_add_103_47_groupi_g2300/CO -       CI->CO F     SAEDRVT14_ADDF_V1_1          1  0.7     5    18     526 
  g_k[15].g_m[3].u_pe_csa_tree_add_103_47_groupi_g2299/CO -       CI->CO F     SAEDRVT14_ADDF_V1_1          1  0.7     5    18     544 
  g_k[15].g_m[3].u_pe_csa_tree_add_103_47_groupi_g2298/CO -       CI->CO F     SAEDRVT14_ADDF_V1_1          1  0.7     5    18     561 
  g_k[15].g_m[3].u_pe_csa_tree_add_103_47_groupi_g2297/CO -       CI->CO F     SAEDRVT14_ADDF_V1_1          1  0.7     5    18     579 
  g_k[15].g_m[3].u_pe_csa_tree_add_103_47_groupi_g2296/CO -       CI->CO F     SAEDRVT14_ADDF_V1_1          1  0.7     5    18     596 
  g_k[15].g_m[3].u_pe_csa_tree_add_103_47_groupi_g2295/CO -       CI->CO F     SAEDRVT14_ADDF_V1_1          1  0.7     5    18     614 
  g_k[15].g_m[3].u_pe_csa_tree_add_103_47_groupi_g2294/CO -       CI->CO F     SAEDRVT14_ADDF_V1_1          1  0.5     4    17     630 
  g_k[15].g_m[3].u_pe_csa_tree_add_103_47_groupi_g2293/X  -       A1->X  R     SAEDRVT14_EN3_1              1  0.3     3    16     646 
  g_k[15].g_m[3].u_pe_g_pipe1.psum_q_reg[31]/D            -       -      R     SAEDRVT14_FDPRBQ_V2LP_1      1    -     -     0     646 
#--------------------------------------------------------------------------------------------------------------------------------------



Path 5: MET (299 ps) Setup Check with Pin g_k[15].g_m[4].u_pe_g_pipe1.psum_q_reg[31]/CK->D
          Group: clk
     Startpoint: (R) g_k[15].g_m[3].u_pe_a_out_reg[1]/CK
          Clock: (R) clk
       Endpoint: (R) g_k[15].g_m[4].u_pe_g_pipe1.psum_q_reg[31]/D
          Clock: (R) clk

                     Capture       Launch     
        Clock Edge:+    1000            0     
       Src Latency:+       0            0     
       Net Latency:+       0 (I)        0 (I) 
           Arrival:=    1000            0     
                                              
             Setup:-       4                  
       Uncertainty:-      50                  
     Required Time:=     946                  
      Launch Clock:-       0                  
         Data Path:-     646                  
             Slack:=     299                  

#--------------------------------------------------------------------------------------------------------------------------------------
#                      Timing Point                       Flags    Arc   Edge          Cell            Fanout Load Trans Delay Arrival 
#                                                                                                             (fF)  (ps)  (ps)   (ps)  
#--------------------------------------------------------------------------------------------------------------------------------------
  g_k[15].g_m[3].u_pe_a_out_reg[1]/CK                     -       -      R     (arrival)                12975    -    20     -       0 
  g_k[15].g_m[3].u_pe_a_out_reg[1]/Q                      -       CK->Q  F     SAEDRVT14_FDPRBQ_V2_1       12  3.5    10    34      34 
  g_k[15].g_m[4].u_pe_csa_tree_add_103_47_groupi_g2467/X  -       A->X   R     SAEDRVT14_INV_1              9  2.0     8    10      44 
  g_k[15].g_m[4].u_pe_csa_tree_add_103_47_groupi_g2449/X  -       D0->X  F     SAEDRVT14_MUXI2_U_0P5        2  0.9    12    14      58 
  g_k[15].g_m[4].u_pe_csa_tree_add_103_47_groupi_g2428/X  -       A->X   R     SAEDRVT14_INV_1              9  4.0    14    16      73 
  g_k[15].g_m[4].u_pe_csa_tree_add_103_47_groupi_g2401/X  -       A2->X  F     SAEDRVT14_ND2_CDC_0P5        8  2.9    16    18      91 
  g_k[15].g_m[4].u_pe_csa_tree_add_103_47_groupi_g2360/X  -       A1->X  R     SAEDRVT14_OAI22_0P75         1  0.7    11    12     103 
  g_k[15].g_m[4].u_pe_csa_tree_add_103_47_groupi_g2335/S  -       CI->S  F     SAEDRVT14_ADDF_V1_1          1  1.3     6    39     142 
  g_k[15].g_m[4].u_pe_csa_tree_add_103_47_groupi_g2323/CO -       A->CO  F     SAEDRVT14_ADDF_V1_1          1  0.7     5    17     159 
  g_k[15].g_m[4].u_pe_csa_tree_add_103_47_groupi_g2320/CO -       CI->CO F     SAEDRVT14_ADDF_V1_1          1  0.7     5    18     176 
  g_k[15].g_m[4].u_pe_csa_tree_add_103_47_groupi_g2319/CO -       CI->CO F     SAEDRVT14_ADDF_V1_1          1  0.7     5    18     194 
  g_k[15].g_m[4].u_pe_csa_tree_add_103_47_groupi_g2318/CO -       CI->CO F     SAEDRVT14_ADDF_V1_1          1  0.7     5    18     211 
  g_k[15].g_m[4].u_pe_csa_tree_add_103_47_groupi_g2317/CO -       CI->CO F     SAEDRVT14_ADDF_V1_1          1  0.7     5    18     229 
  g_k[15].g_m[4].u_pe_csa_tree_add_103_47_groupi_g2316/CO -       CI->CO F     SAEDRVT14_ADDF_V1_1          1  0.7     5    18     246 
  g_k[15].g_m[4].u_pe_csa_tree_add_103_47_groupi_g2315/CO -       CI->CO F     SAEDRVT14_ADDF_V1_1          1  0.7     5    18     264 
  g_k[15].g_m[4].u_pe_csa_tree_add_103_47_groupi_g2314/CO -       CI->CO F     SAEDRVT14_ADDF_V1_1          1  0.7     5    18     281 
  g_k[15].g_m[4].u_pe_csa_tree_add_103_47_groupi_g2313/CO -       CI->CO F     SAEDRVT14_ADDF_V1_1          1  0.7     5    18     299 
  g_k[15].g_m[4].u_pe_csa_tree_add_103_47_groupi_g2312/CO -       CI->CO F     SAEDRVT14_ADDF_V1_1          1  0.7     5    18     316 
  g_k[15].g_m[4].u_pe_csa_tree_add_103_47_groupi_g2311/CO -       CI->CO F     SAEDRVT14_ADDF_V1_1          1  0.7     5    18     334 
  g_k[15].g_m[4].u_pe_csa_tree_add_103_47_groupi_g2310/CO -       CI->CO F     SAEDRVT14_ADDF_V1_1          1  0.7     5    18     351 
  g_k[15].g_m[4].u_pe_csa_tree_add_103_47_groupi_g2309/CO -       CI->CO F     SAEDRVT14_ADDF_V1_1          1  0.7     5    18     369 
  g_k[15].g_m[4].u_pe_csa_tree_add_103_47_groupi_g2308/CO -       CI->CO F     SAEDRVT14_ADDF_V1_1          1  0.7     5    18     386 
  g_k[15].g_m[4].u_pe_csa_tree_add_103_47_groupi_g2307/CO -       CI->CO F     SAEDRVT14_ADDF_V1_1          1  0.7     5    18     404 
  g_k[15].g_m[4].u_pe_csa_tree_add_103_47_groupi_g2306/CO -       CI->CO F     SAEDRVT14_ADDF_V1_1          1  0.7     5    18     421 
  g_k[15].g_m[4].u_pe_csa_tree_add_103_47_groupi_g2305/CO -       CI->CO F     SAEDRVT14_ADDF_V1_1          1  0.7     5    18     439 
  g_k[15].g_m[4].u_pe_csa_tree_add_103_47_groupi_g2304/CO -       CI->CO F     SAEDRVT14_ADDF_V1_1          1  0.7     5    18     456 
  g_k[15].g_m[4].u_pe_csa_tree_add_103_47_groupi_g2303/CO -       CI->CO F     SAEDRVT14_ADDF_V1_1          1  0.7     5    18     474 
  g_k[15].g_m[4].u_pe_csa_tree_add_103_47_groupi_g2302/CO -       CI->CO F     SAEDRVT14_ADDF_V1_1          1  0.7     5    18     491 
  g_k[15].g_m[4].u_pe_csa_tree_add_103_47_groupi_g2301/CO -       CI->CO F     SAEDRVT14_ADDF_V1_1          1  0.7     5    18     509 
  g_k[15].g_m[4].u_pe_csa_tree_add_103_47_groupi_g2300/CO -       CI->CO F     SAEDRVT14_ADDF_V1_1          1  0.7     5    18     526 
  g_k[15].g_m[4].u_pe_csa_tree_add_103_47_groupi_g2299/CO -       CI->CO F     SAEDRVT14_ADDF_V1_1          1  0.7     5    18     544 
  g_k[15].g_m[4].u_pe_csa_tree_add_103_47_groupi_g2298/CO -       CI->CO F     SAEDRVT14_ADDF_V1_1          1  0.7     5    18     561 
  g_k[15].g_m[4].u_pe_csa_tree_add_103_47_groupi_g2297/CO -       CI->CO F     SAEDRVT14_ADDF_V1_1          1  0.7     5    18     579 
  g_k[15].g_m[4].u_pe_csa_tree_add_103_47_groupi_g2296/CO -       CI->CO F     SAEDRVT14_ADDF_V1_1          1  0.7     5    18     596 
  g_k[15].g_m[4].u_pe_csa_tree_add_103_47_groupi_g2295/CO -       CI->CO F     SAEDRVT14_ADDF_V1_1          1  0.7     5    18     614 
  g_k[15].g_m[4].u_pe_csa_tree_add_103_47_groupi_g2294/CO -       CI->CO F     SAEDRVT14_ADDF_V1_1          1  0.5     4    17     630 
  g_k[15].g_m[4].u_pe_csa_tree_add_103_47_groupi_g2293/X  -       A1->X  R     SAEDRVT14_EN3_1              1  0.3     3    16     646 
  g_k[15].g_m[4].u_pe_g_pipe1.psum_q_reg[31]/D            -       -      R     SAEDRVT14_FDPRBQ_V2LP_1      1    -     -     0     646 
#--------------------------------------------------------------------------------------------------------------------------------------



Path 6: MET (299 ps) Setup Check with Pin g_k[15].g_m[5].u_pe_g_pipe1.psum_q_reg[31]/CK->D
          Group: clk
     Startpoint: (R) g_k[15].g_m[4].u_pe_a_out_reg[1]/CK
          Clock: (R) clk
       Endpoint: (R) g_k[15].g_m[5].u_pe_g_pipe1.psum_q_reg[31]/D
          Clock: (R) clk

                     Capture       Launch     
        Clock Edge:+    1000            0     
       Src Latency:+       0            0     
       Net Latency:+       0 (I)        0 (I) 
           Arrival:=    1000            0     
                                              
             Setup:-       4                  
       Uncertainty:-      50                  
     Required Time:=     946                  
      Launch Clock:-       0                  
         Data Path:-     646                  
             Slack:=     299                  

#--------------------------------------------------------------------------------------------------------------------------------------
#                      Timing Point                       Flags    Arc   Edge          Cell            Fanout Load Trans Delay Arrival 
#                                                                                                             (fF)  (ps)  (ps)   (ps)  
#--------------------------------------------------------------------------------------------------------------------------------------
  g_k[15].g_m[4].u_pe_a_out_reg[1]/CK                     -       -      R     (arrival)                12975    -    20     -       0 
  g_k[15].g_m[4].u_pe_a_out_reg[1]/Q                      -       CK->Q  F     SAEDRVT14_FDPRBQ_V2_1       12  3.5    10    34      34 
  g_k[15].g_m[5].u_pe_csa_tree_add_103_47_groupi_g2467/X  -       A->X   R     SAEDRVT14_INV_1              9  2.0     8    10      44 
  g_k[15].g_m[5].u_pe_csa_tree_add_103_47_groupi_g2449/X  -       D0->X  F     SAEDRVT14_MUXI2_U_0P5        2  0.9    12    14      58 
  g_k[15].g_m[5].u_pe_csa_tree_add_103_47_groupi_g2428/X  -       A->X   R     SAEDRVT14_INV_1              9  4.0    14    16      73 
  g_k[15].g_m[5].u_pe_csa_tree_add_103_47_groupi_g2401/X  -       A2->X  F     SAEDRVT14_ND2_CDC_0P5        8  2.9    16    18      91 
  g_k[15].g_m[5].u_pe_csa_tree_add_103_47_groupi_g2360/X  -       A1->X  R     SAEDRVT14_OAI22_0P75         1  0.7    11    12     103 
  g_k[15].g_m[5].u_pe_csa_tree_add_103_47_groupi_g2335/S  -       CI->S  F     SAEDRVT14_ADDF_V1_1          1  1.3     6    39     142 
  g_k[15].g_m[5].u_pe_csa_tree_add_103_47_groupi_g2323/CO -       A->CO  F     SAEDRVT14_ADDF_V1_1          1  0.7     5    17     159 
  g_k[15].g_m[5].u_pe_csa_tree_add_103_47_groupi_g2320/CO -       CI->CO F     SAEDRVT14_ADDF_V1_1          1  0.7     5    18     176 
  g_k[15].g_m[5].u_pe_csa_tree_add_103_47_groupi_g2319/CO -       CI->CO F     SAEDRVT14_ADDF_V1_1          1  0.7     5    18     194 
  g_k[15].g_m[5].u_pe_csa_tree_add_103_47_groupi_g2318/CO -       CI->CO F     SAEDRVT14_ADDF_V1_1          1  0.7     5    18     211 
  g_k[15].g_m[5].u_pe_csa_tree_add_103_47_groupi_g2317/CO -       CI->CO F     SAEDRVT14_ADDF_V1_1          1  0.7     5    18     229 
  g_k[15].g_m[5].u_pe_csa_tree_add_103_47_groupi_g2316/CO -       CI->CO F     SAEDRVT14_ADDF_V1_1          1  0.7     5    18     246 
  g_k[15].g_m[5].u_pe_csa_tree_add_103_47_groupi_g2315/CO -       CI->CO F     SAEDRVT14_ADDF_V1_1          1  0.7     5    18     264 
  g_k[15].g_m[5].u_pe_csa_tree_add_103_47_groupi_g2314/CO -       CI->CO F     SAEDRVT14_ADDF_V1_1          1  0.7     5    18     281 
  g_k[15].g_m[5].u_pe_csa_tree_add_103_47_groupi_g2313/CO -       CI->CO F     SAEDRVT14_ADDF_V1_1          1  0.7     5    18     299 
  g_k[15].g_m[5].u_pe_csa_tree_add_103_47_groupi_g2312/CO -       CI->CO F     SAEDRVT14_ADDF_V1_1          1  0.7     5    18     316 
  g_k[15].g_m[5].u_pe_csa_tree_add_103_47_groupi_g2311/CO -       CI->CO F     SAEDRVT14_ADDF_V1_1          1  0.7     5    18     334 
  g_k[15].g_m[5].u_pe_csa_tree_add_103_47_groupi_g2310/CO -       CI->CO F     SAEDRVT14_ADDF_V1_1          1  0.7     5    18     351 
  g_k[15].g_m[5].u_pe_csa_tree_add_103_47_groupi_g2309/CO -       CI->CO F     SAEDRVT14_ADDF_V1_1          1  0.7     5    18     369 
  g_k[15].g_m[5].u_pe_csa_tree_add_103_47_groupi_g2308/CO -       CI->CO F     SAEDRVT14_ADDF_V1_1          1  0.7     5    18     386 
  g_k[15].g_m[5].u_pe_csa_tree_add_103_47_groupi_g2307/CO -       CI->CO F     SAEDRVT14_ADDF_V1_1          1  0.7     5    18     404 
  g_k[15].g_m[5].u_pe_csa_tree_add_103_47_groupi_g2306/CO -       CI->CO F     SAEDRVT14_ADDF_V1_1          1  0.7     5    18     421 
  g_k[15].g_m[5].u_pe_csa_tree_add_103_47_groupi_g2305/CO -       CI->CO F     SAEDRVT14_ADDF_V1_1          1  0.7     5    18     439 
  g_k[15].g_m[5].u_pe_csa_tree_add_103_47_groupi_g2304/CO -       CI->CO F     SAEDRVT14_ADDF_V1_1          1  0.7     5    18     456 
  g_k[15].g_m[5].u_pe_csa_tree_add_103_47_groupi_g2303/CO -       CI->CO F     SAEDRVT14_ADDF_V1_1          1  0.7     5    18     474 
  g_k[15].g_m[5].u_pe_csa_tree_add_103_47_groupi_g2302/CO -       CI->CO F     SAEDRVT14_ADDF_V1_1          1  0.7     5    18     491 
  g_k[15].g_m[5].u_pe_csa_tree_add_103_47_groupi_g2301/CO -       CI->CO F     SAEDRVT14_ADDF_V1_1          1  0.7     5    18     509 
  g_k[15].g_m[5].u_pe_csa_tree_add_103_47_groupi_g2300/CO -       CI->CO F     SAEDRVT14_ADDF_V1_1          1  0.7     5    18     526 
  g_k[15].g_m[5].u_pe_csa_tree_add_103_47_groupi_g2299/CO -       CI->CO F     SAEDRVT14_ADDF_V1_1          1  0.7     5    18     544 
  g_k[15].g_m[5].u_pe_csa_tree_add_103_47_groupi_g2298/CO -       CI->CO F     SAEDRVT14_ADDF_V1_1          1  0.7     5    18     561 
  g_k[15].g_m[5].u_pe_csa_tree_add_103_47_groupi_g2297/CO -       CI->CO F     SAEDRVT14_ADDF_V1_1          1  0.7     5    18     579 
  g_k[15].g_m[5].u_pe_csa_tree_add_103_47_groupi_g2296/CO -       CI->CO F     SAEDRVT14_ADDF_V1_1          1  0.7     5    18     596 
  g_k[15].g_m[5].u_pe_csa_tree_add_103_47_groupi_g2295/CO -       CI->CO F     SAEDRVT14_ADDF_V1_1          1  0.7     5    18     614 
  g_k[15].g_m[5].u_pe_csa_tree_add_103_47_groupi_g2294/CO -       CI->CO F     SAEDRVT14_ADDF_V1_1          1  0.5     4    17     630 
  g_k[15].g_m[5].u_pe_csa_tree_add_103_47_groupi_g2293/X  -       A1->X  R     SAEDRVT14_EN3_1              1  0.3     3    16     646 
  g_k[15].g_m[5].u_pe_g_pipe1.psum_q_reg[31]/D            -       -      R     SAEDRVT14_FDPRBQ_V2LP_1      1    -     -     0     646 
#--------------------------------------------------------------------------------------------------------------------------------------



Path 7: MET (299 ps) Setup Check with Pin g_k[15].g_m[6].u_pe_g_pipe1.psum_q_reg[31]/CK->D
          Group: clk
     Startpoint: (R) g_k[15].g_m[5].u_pe_a_out_reg[1]/CK
          Clock: (R) clk
       Endpoint: (R) g_k[15].g_m[6].u_pe_g_pipe1.psum_q_reg[31]/D
          Clock: (R) clk

                     Capture       Launch     
        Clock Edge:+    1000            0     
       Src Latency:+       0            0     
       Net Latency:+       0 (I)        0 (I) 
           Arrival:=    1000            0     
                                              
             Setup:-       4                  
       Uncertainty:-      50                  
     Required Time:=     946                  
      Launch Clock:-       0                  
         Data Path:-     646                  
             Slack:=     299                  

#--------------------------------------------------------------------------------------------------------------------------------------
#                      Timing Point                       Flags    Arc   Edge          Cell            Fanout Load Trans Delay Arrival 
#                                                                                                             (fF)  (ps)  (ps)   (ps)  
#--------------------------------------------------------------------------------------------------------------------------------------
  g_k[15].g_m[5].u_pe_a_out_reg[1]/CK                     -       -      R     (arrival)                12975    -    20     -       0 
  g_k[15].g_m[5].u_pe_a_out_reg[1]/Q                      -       CK->Q  F     SAEDRVT14_FDPRBQ_V2_1       12  3.5    10    34      34 
  g_k[15].g_m[6].u_pe_csa_tree_add_103_47_groupi_g2467/X  -       A->X   R     SAEDRVT14_INV_1              9  2.0     8    10      44 
  g_k[15].g_m[6].u_pe_csa_tree_add_103_47_groupi_g2449/X  -       D0->X  F     SAEDRVT14_MUXI2_U_0P5        2  0.9    12    14      58 
  g_k[15].g_m[6].u_pe_csa_tree_add_103_47_groupi_g2428/X  -       A->X   R     SAEDRVT14_INV_1              9  4.0    14    16      73 
  g_k[15].g_m[6].u_pe_csa_tree_add_103_47_groupi_g2401/X  -       A2->X  F     SAEDRVT14_ND2_CDC_0P5        8  2.9    16    18      91 
  g_k[15].g_m[6].u_pe_csa_tree_add_103_47_groupi_g2360/X  -       A1->X  R     SAEDRVT14_OAI22_0P75         1  0.7    11    12     103 
  g_k[15].g_m[6].u_pe_csa_tree_add_103_47_groupi_g2335/S  -       CI->S  F     SAEDRVT14_ADDF_V1_1          1  1.3     6    39     142 
  g_k[15].g_m[6].u_pe_csa_tree_add_103_47_groupi_g2323/CO -       A->CO  F     SAEDRVT14_ADDF_V1_1          1  0.7     5    17     159 
  g_k[15].g_m[6].u_pe_csa_tree_add_103_47_groupi_g2320/CO -       CI->CO F     SAEDRVT14_ADDF_V1_1          1  0.7     5    18     176 
  g_k[15].g_m[6].u_pe_csa_tree_add_103_47_groupi_g2319/CO -       CI->CO F     SAEDRVT14_ADDF_V1_1          1  0.7     5    18     194 
  g_k[15].g_m[6].u_pe_csa_tree_add_103_47_groupi_g2318/CO -       CI->CO F     SAEDRVT14_ADDF_V1_1          1  0.7     5    18     211 
  g_k[15].g_m[6].u_pe_csa_tree_add_103_47_groupi_g2317/CO -       CI->CO F     SAEDRVT14_ADDF_V1_1          1  0.7     5    18     229 
  g_k[15].g_m[6].u_pe_csa_tree_add_103_47_groupi_g2316/CO -       CI->CO F     SAEDRVT14_ADDF_V1_1          1  0.7     5    18     246 
  g_k[15].g_m[6].u_pe_csa_tree_add_103_47_groupi_g2315/CO -       CI->CO F     SAEDRVT14_ADDF_V1_1          1  0.7     5    18     264 
  g_k[15].g_m[6].u_pe_csa_tree_add_103_47_groupi_g2314/CO -       CI->CO F     SAEDRVT14_ADDF_V1_1          1  0.7     5    18     281 
  g_k[15].g_m[6].u_pe_csa_tree_add_103_47_groupi_g2313/CO -       CI->CO F     SAEDRVT14_ADDF_V1_1          1  0.7     5    18     299 
  g_k[15].g_m[6].u_pe_csa_tree_add_103_47_groupi_g2312/CO -       CI->CO F     SAEDRVT14_ADDF_V1_1          1  0.7     5    18     316 
  g_k[15].g_m[6].u_pe_csa_tree_add_103_47_groupi_g2311/CO -       CI->CO F     SAEDRVT14_ADDF_V1_1          1  0.7     5    18     334 
  g_k[15].g_m[6].u_pe_csa_tree_add_103_47_groupi_g2310/CO -       CI->CO F     SAEDRVT14_ADDF_V1_1          1  0.7     5    18     351 
  g_k[15].g_m[6].u_pe_csa_tree_add_103_47_groupi_g2309/CO -       CI->CO F     SAEDRVT14_ADDF_V1_1          1  0.7     5    18     369 
  g_k[15].g_m[6].u_pe_csa_tree_add_103_47_groupi_g2308/CO -       CI->CO F     SAEDRVT14_ADDF_V1_1          1  0.7     5    18     386 
  g_k[15].g_m[6].u_pe_csa_tree_add_103_47_groupi_g2307/CO -       CI->CO F     SAEDRVT14_ADDF_V1_1          1  0.7     5    18     404 
  g_k[15].g_m[6].u_pe_csa_tree_add_103_47_groupi_g2306/CO -       CI->CO F     SAEDRVT14_ADDF_V1_1          1  0.7     5    18     421 
  g_k[15].g_m[6].u_pe_csa_tree_add_103_47_groupi_g2305/CO -       CI->CO F     SAEDRVT14_ADDF_V1_1          1  0.7     5    18     439 
  g_k[15].g_m[6].u_pe_csa_tree_add_103_47_groupi_g2304/CO -       CI->CO F     SAEDRVT14_ADDF_V1_1          1  0.7     5    18     456 
  g_k[15].g_m[6].u_pe_csa_tree_add_103_47_groupi_g2303/CO -       CI->CO F     SAEDRVT14_ADDF_V1_1          1  0.7     5    18     474 
  g_k[15].g_m[6].u_pe_csa_tree_add_103_47_groupi_g2302/CO -       CI->CO F     SAEDRVT14_ADDF_V1_1          1  0.7     5    18     491 
  g_k[15].g_m[6].u_pe_csa_tree_add_103_47_groupi_g2301/CO -       CI->CO F     SAEDRVT14_ADDF_V1_1          1  0.7     5    18     509 
  g_k[15].g_m[6].u_pe_csa_tree_add_103_47_groupi_g2300/CO -       CI->CO F     SAEDRVT14_ADDF_V1_1          1  0.7     5    18     526 
  g_k[15].g_m[6].u_pe_csa_tree_add_103_47_groupi_g2299/CO -       CI->CO F     SAEDRVT14_ADDF_V1_1          1  0.7     5    18     544 
  g_k[15].g_m[6].u_pe_csa_tree_add_103_47_groupi_g2298/CO -       CI->CO F     SAEDRVT14_ADDF_V1_1          1  0.7     5    18     561 
  g_k[15].g_m[6].u_pe_csa_tree_add_103_47_groupi_g2297/CO -       CI->CO F     SAEDRVT14_ADDF_V1_1          1  0.7     5    18     579 
  g_k[15].g_m[6].u_pe_csa_tree_add_103_47_groupi_g2296/CO -       CI->CO F     SAEDRVT14_ADDF_V1_1          1  0.7     5    18     596 
  g_k[15].g_m[6].u_pe_csa_tree_add_103_47_groupi_g2295/CO -       CI->CO F     SAEDRVT14_ADDF_V1_1          1  0.7     5    18     614 
  g_k[15].g_m[6].u_pe_csa_tree_add_103_47_groupi_g2294/CO -       CI->CO F     SAEDRVT14_ADDF_V1_1          1  0.5     4    17     630 
  g_k[15].g_m[6].u_pe_csa_tree_add_103_47_groupi_g2293/X  -       A1->X  R     SAEDRVT14_EN3_1              1  0.3     3    16     646 
  g_k[15].g_m[6].u_pe_g_pipe1.psum_q_reg[31]/D            -       -      R     SAEDRVT14_FDPRBQ_V2LP_1      1    -     -     0     646 
#--------------------------------------------------------------------------------------------------------------------------------------



Path 8: MET (299 ps) Setup Check with Pin g_k[15].g_m[7].u_pe_g_pipe1.psum_q_reg[31]/CK->D
          Group: clk
     Startpoint: (R) g_k[15].g_m[6].u_pe_a_out_reg[1]/CK
          Clock: (R) clk
       Endpoint: (R) g_k[15].g_m[7].u_pe_g_pipe1.psum_q_reg[31]/D
          Clock: (R) clk

                     Capture       Launch     
        Clock Edge:+    1000            0     
       Src Latency:+       0            0     
       Net Latency:+       0 (I)        0 (I) 
           Arrival:=    1000            0     
                                              
             Setup:-       4                  
       Uncertainty:-      50                  
     Required Time:=     946                  
      Launch Clock:-       0                  
         Data Path:-     646                  
             Slack:=     299                  

#--------------------------------------------------------------------------------------------------------------------------------------
#                      Timing Point                       Flags    Arc   Edge          Cell            Fanout Load Trans Delay Arrival 
#                                                                                                             (fF)  (ps)  (ps)   (ps)  
#--------------------------------------------------------------------------------------------------------------------------------------
  g_k[15].g_m[6].u_pe_a_out_reg[1]/CK                     -       -      R     (arrival)                12975    -    20     -       0 
  g_k[15].g_m[6].u_pe_a_out_reg[1]/Q                      -       CK->Q  F     SAEDRVT14_FDPRBQ_V2_1       12  3.5    10    34      34 
  g_k[15].g_m[7].u_pe_csa_tree_add_103_47_groupi_g2467/X  -       A->X   R     SAEDRVT14_INV_1              9  2.0     8    10      44 
  g_k[15].g_m[7].u_pe_csa_tree_add_103_47_groupi_g2449/X  -       D0->X  F     SAEDRVT14_MUXI2_U_0P5        2  0.9    12    14      58 
  g_k[15].g_m[7].u_pe_csa_tree_add_103_47_groupi_g2428/X  -       A->X   R     SAEDRVT14_INV_1              9  4.0    14    16      73 
  g_k[15].g_m[7].u_pe_csa_tree_add_103_47_groupi_g2401/X  -       A2->X  F     SAEDRVT14_ND2_CDC_0P5        8  2.9    16    18      91 
  g_k[15].g_m[7].u_pe_csa_tree_add_103_47_groupi_g2360/X  -       A1->X  R     SAEDRVT14_OAI22_0P75         1  0.7    11    12     103 
  g_k[15].g_m[7].u_pe_csa_tree_add_103_47_groupi_g2335/S  -       CI->S  F     SAEDRVT14_ADDF_V1_1          1  1.3     6    39     142 
  g_k[15].g_m[7].u_pe_csa_tree_add_103_47_groupi_g2323/CO -       A->CO  F     SAEDRVT14_ADDF_V1_1          1  0.7     5    17     159 
  g_k[15].g_m[7].u_pe_csa_tree_add_103_47_groupi_g2320/CO -       CI->CO F     SAEDRVT14_ADDF_V1_1          1  0.7     5    18     176 
  g_k[15].g_m[7].u_pe_csa_tree_add_103_47_groupi_g2319/CO -       CI->CO F     SAEDRVT14_ADDF_V1_1          1  0.7     5    18     194 
  g_k[15].g_m[7].u_pe_csa_tree_add_103_47_groupi_g2318/CO -       CI->CO F     SAEDRVT14_ADDF_V1_1          1  0.7     5    18     211 
  g_k[15].g_m[7].u_pe_csa_tree_add_103_47_groupi_g2317/CO -       CI->CO F     SAEDRVT14_ADDF_V1_1          1  0.7     5    18     229 
  g_k[15].g_m[7].u_pe_csa_tree_add_103_47_groupi_g2316/CO -       CI->CO F     SAEDRVT14_ADDF_V1_1          1  0.7     5    18     246 
  g_k[15].g_m[7].u_pe_csa_tree_add_103_47_groupi_g2315/CO -       CI->CO F     SAEDRVT14_ADDF_V1_1          1  0.7     5    18     264 
  g_k[15].g_m[7].u_pe_csa_tree_add_103_47_groupi_g2314/CO -       CI->CO F     SAEDRVT14_ADDF_V1_1          1  0.7     5    18     281 
  g_k[15].g_m[7].u_pe_csa_tree_add_103_47_groupi_g2313/CO -       CI->CO F     SAEDRVT14_ADDF_V1_1          1  0.7     5    18     299 
  g_k[15].g_m[7].u_pe_csa_tree_add_103_47_groupi_g2312/CO -       CI->CO F     SAEDRVT14_ADDF_V1_1          1  0.7     5    18     316 
  g_k[15].g_m[7].u_pe_csa_tree_add_103_47_groupi_g2311/CO -       CI->CO F     SAEDRVT14_ADDF_V1_1          1  0.7     5    18     334 
  g_k[15].g_m[7].u_pe_csa_tree_add_103_47_groupi_g2310/CO -       CI->CO F     SAEDRVT14_ADDF_V1_1          1  0.7     5    18     351 
  g_k[15].g_m[7].u_pe_csa_tree_add_103_47_groupi_g2309/CO -       CI->CO F     SAEDRVT14_ADDF_V1_1          1  0.7     5    18     369 
  g_k[15].g_m[7].u_pe_csa_tree_add_103_47_groupi_g2308/CO -       CI->CO F     SAEDRVT14_ADDF_V1_1          1  0.7     5    18     386 
  g_k[15].g_m[7].u_pe_csa_tree_add_103_47_groupi_g2307/CO -       CI->CO F     SAEDRVT14_ADDF_V1_1          1  0.7     5    18     404 
  g_k[15].g_m[7].u_pe_csa_tree_add_103_47_groupi_g2306/CO -       CI->CO F     SAEDRVT14_ADDF_V1_1          1  0.7     5    18     421 
  g_k[15].g_m[7].u_pe_csa_tree_add_103_47_groupi_g2305/CO -       CI->CO F     SAEDRVT14_ADDF_V1_1          1  0.7     5    18     439 
  g_k[15].g_m[7].u_pe_csa_tree_add_103_47_groupi_g2304/CO -       CI->CO F     SAEDRVT14_ADDF_V1_1          1  0.7     5    18     456 
  g_k[15].g_m[7].u_pe_csa_tree_add_103_47_groupi_g2303/CO -       CI->CO F     SAEDRVT14_ADDF_V1_1          1  0.7     5    18     474 
  g_k[15].g_m[7].u_pe_csa_tree_add_103_47_groupi_g2302/CO -       CI->CO F     SAEDRVT14_ADDF_V1_1          1  0.7     5    18     491 
  g_k[15].g_m[7].u_pe_csa_tree_add_103_47_groupi_g2301/CO -       CI->CO F     SAEDRVT14_ADDF_V1_1          1  0.7     5    18     509 
  g_k[15].g_m[7].u_pe_csa_tree_add_103_47_groupi_g2300/CO -       CI->CO F     SAEDRVT14_ADDF_V1_1          1  0.7     5    18     526 
  g_k[15].g_m[7].u_pe_csa_tree_add_103_47_groupi_g2299/CO -       CI->CO F     SAEDRVT14_ADDF_V1_1          1  0.7     5    18     544 
  g_k[15].g_m[7].u_pe_csa_tree_add_103_47_groupi_g2298/CO -       CI->CO F     SAEDRVT14_ADDF_V1_1          1  0.7     5    18     561 
  g_k[15].g_m[7].u_pe_csa_tree_add_103_47_groupi_g2297/CO -       CI->CO F     SAEDRVT14_ADDF_V1_1          1  0.7     5    18     579 
  g_k[15].g_m[7].u_pe_csa_tree_add_103_47_groupi_g2296/CO -       CI->CO F     SAEDRVT14_ADDF_V1_1          1  0.7     5    18     596 
  g_k[15].g_m[7].u_pe_csa_tree_add_103_47_groupi_g2295/CO -       CI->CO F     SAEDRVT14_ADDF_V1_1          1  0.7     5    18     614 
  g_k[15].g_m[7].u_pe_csa_tree_add_103_47_groupi_g2294/CO -       CI->CO F     SAEDRVT14_ADDF_V1_1          1  0.5     4    17     630 
  g_k[15].g_m[7].u_pe_csa_tree_add_103_47_groupi_g2293/X  -       A1->X  R     SAEDRVT14_EN3_1              1  0.3     3    16     646 
  g_k[15].g_m[7].u_pe_g_pipe1.psum_q_reg[31]/D            -       -      R     SAEDRVT14_FDPRBQ_V2LP_1      1    -     -     0     646 
#--------------------------------------------------------------------------------------------------------------------------------------



Path 9: MET (299 ps) Setup Check with Pin g_k[15].g_m[8].u_pe_g_pipe1.psum_q_reg[31]/CK->D
          Group: clk
     Startpoint: (R) g_k[15].g_m[7].u_pe_a_out_reg[1]/CK
          Clock: (R) clk
       Endpoint: (R) g_k[15].g_m[8].u_pe_g_pipe1.psum_q_reg[31]/D
          Clock: (R) clk

                     Capture       Launch     
        Clock Edge:+    1000            0     
       Src Latency:+       0            0     
       Net Latency:+       0 (I)        0 (I) 
           Arrival:=    1000            0     
                                              
             Setup:-       4                  
       Uncertainty:-      50                  
     Required Time:=     946                  
      Launch Clock:-       0                  
         Data Path:-     646                  
             Slack:=     299                  

#--------------------------------------------------------------------------------------------------------------------------------------
#                      Timing Point                       Flags    Arc   Edge          Cell            Fanout Load Trans Delay Arrival 
#                                                                                                             (fF)  (ps)  (ps)   (ps)  
#--------------------------------------------------------------------------------------------------------------------------------------
  g_k[15].g_m[7].u_pe_a_out_reg[1]/CK                     -       -      R     (arrival)                12975    -    20     -       0 
  g_k[15].g_m[7].u_pe_a_out_reg[1]/Q                      -       CK->Q  F     SAEDRVT14_FDPRBQ_V2_1       12  3.5    10    34      34 
  g_k[15].g_m[8].u_pe_csa_tree_add_103_47_groupi_g2467/X  -       A->X   R     SAEDRVT14_INV_1              9  2.0     8    10      44 
  g_k[15].g_m[8].u_pe_csa_tree_add_103_47_groupi_g2449/X  -       D0->X  F     SAEDRVT14_MUXI2_U_0P5        2  0.9    12    14      58 
  g_k[15].g_m[8].u_pe_csa_tree_add_103_47_groupi_g2428/X  -       A->X   R     SAEDRVT14_INV_1              9  4.0    14    16      73 
  g_k[15].g_m[8].u_pe_csa_tree_add_103_47_groupi_g2401/X  -       A2->X  F     SAEDRVT14_ND2_CDC_0P5        8  2.9    16    18      91 
  g_k[15].g_m[8].u_pe_csa_tree_add_103_47_groupi_g2360/X  -       A1->X  R     SAEDRVT14_OAI22_0P75         1  0.7    11    12     103 
  g_k[15].g_m[8].u_pe_csa_tree_add_103_47_groupi_g2335/S  -       CI->S  F     SAEDRVT14_ADDF_V1_1          1  1.3     6    39     142 
  g_k[15].g_m[8].u_pe_csa_tree_add_103_47_groupi_g2323/CO -       A->CO  F     SAEDRVT14_ADDF_V1_1          1  0.7     5    17     159 
  g_k[15].g_m[8].u_pe_csa_tree_add_103_47_groupi_g2320/CO -       CI->CO F     SAEDRVT14_ADDF_V1_1          1  0.7     5    18     176 
  g_k[15].g_m[8].u_pe_csa_tree_add_103_47_groupi_g2319/CO -       CI->CO F     SAEDRVT14_ADDF_V1_1          1  0.7     5    18     194 
  g_k[15].g_m[8].u_pe_csa_tree_add_103_47_groupi_g2318/CO -       CI->CO F     SAEDRVT14_ADDF_V1_1          1  0.7     5    18     211 
  g_k[15].g_m[8].u_pe_csa_tree_add_103_47_groupi_g2317/CO -       CI->CO F     SAEDRVT14_ADDF_V1_1          1  0.7     5    18     229 
  g_k[15].g_m[8].u_pe_csa_tree_add_103_47_groupi_g2316/CO -       CI->CO F     SAEDRVT14_ADDF_V1_1          1  0.7     5    18     246 
  g_k[15].g_m[8].u_pe_csa_tree_add_103_47_groupi_g2315/CO -       CI->CO F     SAEDRVT14_ADDF_V1_1          1  0.7     5    18     264 
  g_k[15].g_m[8].u_pe_csa_tree_add_103_47_groupi_g2314/CO -       CI->CO F     SAEDRVT14_ADDF_V1_1          1  0.7     5    18     281 
  g_k[15].g_m[8].u_pe_csa_tree_add_103_47_groupi_g2313/CO -       CI->CO F     SAEDRVT14_ADDF_V1_1          1  0.7     5    18     299 
  g_k[15].g_m[8].u_pe_csa_tree_add_103_47_groupi_g2312/CO -       CI->CO F     SAEDRVT14_ADDF_V1_1          1  0.7     5    18     316 
  g_k[15].g_m[8].u_pe_csa_tree_add_103_47_groupi_g2311/CO -       CI->CO F     SAEDRVT14_ADDF_V1_1          1  0.7     5    18     334 
  g_k[15].g_m[8].u_pe_csa_tree_add_103_47_groupi_g2310/CO -       CI->CO F     SAEDRVT14_ADDF_V1_1          1  0.7     5    18     351 
  g_k[15].g_m[8].u_pe_csa_tree_add_103_47_groupi_g2309/CO -       CI->CO F     SAEDRVT14_ADDF_V1_1          1  0.7     5    18     369 
  g_k[15].g_m[8].u_pe_csa_tree_add_103_47_groupi_g2308/CO -       CI->CO F     SAEDRVT14_ADDF_V1_1          1  0.7     5    18     386 
  g_k[15].g_m[8].u_pe_csa_tree_add_103_47_groupi_g2307/CO -       CI->CO F     SAEDRVT14_ADDF_V1_1          1  0.7     5    18     404 
  g_k[15].g_m[8].u_pe_csa_tree_add_103_47_groupi_g2306/CO -       CI->CO F     SAEDRVT14_ADDF_V1_1          1  0.7     5    18     421 
  g_k[15].g_m[8].u_pe_csa_tree_add_103_47_groupi_g2305/CO -       CI->CO F     SAEDRVT14_ADDF_V1_1          1  0.7     5    18     439 
  g_k[15].g_m[8].u_pe_csa_tree_add_103_47_groupi_g2304/CO -       CI->CO F     SAEDRVT14_ADDF_V1_1          1  0.7     5    18     456 
  g_k[15].g_m[8].u_pe_csa_tree_add_103_47_groupi_g2303/CO -       CI->CO F     SAEDRVT14_ADDF_V1_1          1  0.7     5    18     474 
  g_k[15].g_m[8].u_pe_csa_tree_add_103_47_groupi_g2302/CO -       CI->CO F     SAEDRVT14_ADDF_V1_1          1  0.7     5    18     491 
  g_k[15].g_m[8].u_pe_csa_tree_add_103_47_groupi_g2301/CO -       CI->CO F     SAEDRVT14_ADDF_V1_1          1  0.7     5    18     509 
  g_k[15].g_m[8].u_pe_csa_tree_add_103_47_groupi_g2300/CO -       CI->CO F     SAEDRVT14_ADDF_V1_1          1  0.7     5    18     526 
  g_k[15].g_m[8].u_pe_csa_tree_add_103_47_groupi_g2299/CO -       CI->CO F     SAEDRVT14_ADDF_V1_1          1  0.7     5    18     544 
  g_k[15].g_m[8].u_pe_csa_tree_add_103_47_groupi_g2298/CO -       CI->CO F     SAEDRVT14_ADDF_V1_1          1  0.7     5    18     561 
  g_k[15].g_m[8].u_pe_csa_tree_add_103_47_groupi_g2297/CO -       CI->CO F     SAEDRVT14_ADDF_V1_1          1  0.7     5    18     579 
  g_k[15].g_m[8].u_pe_csa_tree_add_103_47_groupi_g2296/CO -       CI->CO F     SAEDRVT14_ADDF_V1_1          1  0.7     5    18     596 
  g_k[15].g_m[8].u_pe_csa_tree_add_103_47_groupi_g2295/CO -       CI->CO F     SAEDRVT14_ADDF_V1_1          1  0.7     5    18     614 
  g_k[15].g_m[8].u_pe_csa_tree_add_103_47_groupi_g2294/CO -       CI->CO F     SAEDRVT14_ADDF_V1_1          1  0.5     4    17     630 
  g_k[15].g_m[8].u_pe_csa_tree_add_103_47_groupi_g2293/X  -       A1->X  R     SAEDRVT14_EN3_1              1  0.3     3    16     646 
  g_k[15].g_m[8].u_pe_g_pipe1.psum_q_reg[31]/D            -       -      R     SAEDRVT14_FDPRBQ_V2LP_1      1    -     -     0     646 
#--------------------------------------------------------------------------------------------------------------------------------------



Path 10: MET (299 ps) Setup Check with Pin g_k[15].g_m[9].u_pe_g_pipe1.psum_q_reg[31]/CK->D
          Group: clk
     Startpoint: (R) g_k[15].g_m[8].u_pe_a_out_reg[1]/CK
          Clock: (R) clk
       Endpoint: (R) g_k[15].g_m[9].u_pe_g_pipe1.psum_q_reg[31]/D
          Clock: (R) clk

                     Capture       Launch     
        Clock Edge:+    1000            0     
       Src Latency:+       0            0     
       Net Latency:+       0 (I)        0 (I) 
           Arrival:=    1000            0     
                                              
             Setup:-       4                  
       Uncertainty:-      50                  
     Required Time:=     946                  
      Launch Clock:-       0                  
         Data Path:-     646                  
             Slack:=     299                  

#--------------------------------------------------------------------------------------------------------------------------------------
#                      Timing Point                       Flags    Arc   Edge          Cell            Fanout Load Trans Delay Arrival 
#                                                                                                             (fF)  (ps)  (ps)   (ps)  
#--------------------------------------------------------------------------------------------------------------------------------------
  g_k[15].g_m[8].u_pe_a_out_reg[1]/CK                     -       -      R     (arrival)                12975    -    20     -       0 
  g_k[15].g_m[8].u_pe_a_out_reg[1]/Q                      -       CK->Q  F     SAEDRVT14_FDPRBQ_V2_1       12  3.5    10    34      34 
  g_k[15].g_m[9].u_pe_csa_tree_add_103_47_groupi_g2467/X  -       A->X   R     SAEDRVT14_INV_1              9  2.0     8    10      44 
  g_k[15].g_m[9].u_pe_csa_tree_add_103_47_groupi_g2449/X  -       D0->X  F     SAEDRVT14_MUXI2_U_0P5        2  0.9    12    14      58 
  g_k[15].g_m[9].u_pe_csa_tree_add_103_47_groupi_g2428/X  -       A->X   R     SAEDRVT14_INV_1              9  4.0    14    16      73 
  g_k[15].g_m[9].u_pe_csa_tree_add_103_47_groupi_g2401/X  -       A2->X  F     SAEDRVT14_ND2_CDC_0P5        8  2.9    16    18      91 
  g_k[15].g_m[9].u_pe_csa_tree_add_103_47_groupi_g2360/X  -       A1->X  R     SAEDRVT14_OAI22_0P75         1  0.7    11    12     103 
  g_k[15].g_m[9].u_pe_csa_tree_add_103_47_groupi_g2335/S  -       CI->S  F     SAEDRVT14_ADDF_V1_1          1  1.3     6    39     142 
  g_k[15].g_m[9].u_pe_csa_tree_add_103_47_groupi_g2323/CO -       A->CO  F     SAEDRVT14_ADDF_V1_1          1  0.7     5    17     159 
  g_k[15].g_m[9].u_pe_csa_tree_add_103_47_groupi_g2320/CO -       CI->CO F     SAEDRVT14_ADDF_V1_1          1  0.7     5    18     176 
  g_k[15].g_m[9].u_pe_csa_tree_add_103_47_groupi_g2319/CO -       CI->CO F     SAEDRVT14_ADDF_V1_1          1  0.7     5    18     194 
  g_k[15].g_m[9].u_pe_csa_tree_add_103_47_groupi_g2318/CO -       CI->CO F     SAEDRVT14_ADDF_V1_1          1  0.7     5    18     211 
  g_k[15].g_m[9].u_pe_csa_tree_add_103_47_groupi_g2317/CO -       CI->CO F     SAEDRVT14_ADDF_V1_1          1  0.7     5    18     229 
  g_k[15].g_m[9].u_pe_csa_tree_add_103_47_groupi_g2316/CO -       CI->CO F     SAEDRVT14_ADDF_V1_1          1  0.7     5    18     246 
  g_k[15].g_m[9].u_pe_csa_tree_add_103_47_groupi_g2315/CO -       CI->CO F     SAEDRVT14_ADDF_V1_1          1  0.7     5    18     264 
  g_k[15].g_m[9].u_pe_csa_tree_add_103_47_groupi_g2314/CO -       CI->CO F     SAEDRVT14_ADDF_V1_1          1  0.7     5    18     281 
  g_k[15].g_m[9].u_pe_csa_tree_add_103_47_groupi_g2313/CO -       CI->CO F     SAEDRVT14_ADDF_V1_1          1  0.7     5    18     299 
  g_k[15].g_m[9].u_pe_csa_tree_add_103_47_groupi_g2312/CO -       CI->CO F     SAEDRVT14_ADDF_V1_1          1  0.7     5    18     316 
  g_k[15].g_m[9].u_pe_csa_tree_add_103_47_groupi_g2311/CO -       CI->CO F     SAEDRVT14_ADDF_V1_1          1  0.7     5    18     334 
  g_k[15].g_m[9].u_pe_csa_tree_add_103_47_groupi_g2310/CO -       CI->CO F     SAEDRVT14_ADDF_V1_1          1  0.7     5    18     351 
  g_k[15].g_m[9].u_pe_csa_tree_add_103_47_groupi_g2309/CO -       CI->CO F     SAEDRVT14_ADDF_V1_1          1  0.7     5    18     369 
  g_k[15].g_m[9].u_pe_csa_tree_add_103_47_groupi_g2308/CO -       CI->CO F     SAEDRVT14_ADDF_V1_1          1  0.7     5    18     386 
  g_k[15].g_m[9].u_pe_csa_tree_add_103_47_groupi_g2307/CO -       CI->CO F     SAEDRVT14_ADDF_V1_1          1  0.7     5    18     404 
  g_k[15].g_m[9].u_pe_csa_tree_add_103_47_groupi_g2306/CO -       CI->CO F     SAEDRVT14_ADDF_V1_1          1  0.7     5    18     421 
  g_k[15].g_m[9].u_pe_csa_tree_add_103_47_groupi_g2305/CO -       CI->CO F     SAEDRVT14_ADDF_V1_1          1  0.7     5    18     439 
  g_k[15].g_m[9].u_pe_csa_tree_add_103_47_groupi_g2304/CO -       CI->CO F     SAEDRVT14_ADDF_V1_1          1  0.7     5    18     456 
  g_k[15].g_m[9].u_pe_csa_tree_add_103_47_groupi_g2303/CO -       CI->CO F     SAEDRVT14_ADDF_V1_1          1  0.7     5    18     474 
  g_k[15].g_m[9].u_pe_csa_tree_add_103_47_groupi_g2302/CO -       CI->CO F     SAEDRVT14_ADDF_V1_1          1  0.7     5    18     491 
  g_k[15].g_m[9].u_pe_csa_tree_add_103_47_groupi_g2301/CO -       CI->CO F     SAEDRVT14_ADDF_V1_1          1  0.7     5    18     509 
  g_k[15].g_m[9].u_pe_csa_tree_add_103_47_groupi_g2300/CO -       CI->CO F     SAEDRVT14_ADDF_V1_1          1  0.7     5    18     526 
  g_k[15].g_m[9].u_pe_csa_tree_add_103_47_groupi_g2299/CO -       CI->CO F     SAEDRVT14_ADDF_V1_1          1  0.7     5    18     544 
  g_k[15].g_m[9].u_pe_csa_tree_add_103_47_groupi_g2298/CO -       CI->CO F     SAEDRVT14_ADDF_V1_1          1  0.7     5    18     561 
  g_k[15].g_m[9].u_pe_csa_tree_add_103_47_groupi_g2297/CO -       CI->CO F     SAEDRVT14_ADDF_V1_1          1  0.7     5    18     579 
  g_k[15].g_m[9].u_pe_csa_tree_add_103_47_groupi_g2296/CO -       CI->CO F     SAEDRVT14_ADDF_V1_1          1  0.7     5    18     596 
  g_k[15].g_m[9].u_pe_csa_tree_add_103_47_groupi_g2295/CO -       CI->CO F     SAEDRVT14_ADDF_V1_1          1  0.7     5    18     614 
  g_k[15].g_m[9].u_pe_csa_tree_add_103_47_groupi_g2294/CO -       CI->CO F     SAEDRVT14_ADDF_V1_1          1  0.5     4    17     630 
  g_k[15].g_m[9].u_pe_csa_tree_add_103_47_groupi_g2293/X  -       A1->X  R     SAEDRVT14_EN3_1              1  0.3     3    16     646 
  g_k[15].g_m[9].u_pe_g_pipe1.psum_q_reg[31]/D            -       -      R     SAEDRVT14_FDPRBQ_V2LP_1      1    -     -     0     646 
#--------------------------------------------------------------------------------------------------------------------------------------



Path 11: MET (299 ps) Setup Check with Pin g_k[15].g_m[10].u_pe_g_pipe1.psum_q_reg[31]/CK->D
          Group: clk
     Startpoint: (R) g_k[15].g_m[9].u_pe_a_out_reg[1]/CK
          Clock: (R) clk
       Endpoint: (R) g_k[15].g_m[10].u_pe_g_pipe1.psum_q_reg[31]/D
          Clock: (R) clk

                     Capture       Launch     
        Clock Edge:+    1000            0     
       Src Latency:+       0            0     
       Net Latency:+       0 (I)        0 (I) 
           Arrival:=    1000            0     
                                              
             Setup:-       4                  
       Uncertainty:-      50                  
     Required Time:=     946                  
      Launch Clock:-       0                  
         Data Path:-     646                  
             Slack:=     299                  

#---------------------------------------------------------------------------------------------------------------------------------------
#                      Timing Point                        Flags    Arc   Edge          Cell            Fanout Load Trans Delay Arrival 
#                                                                                                              (fF)  (ps)  (ps)   (ps)  
#---------------------------------------------------------------------------------------------------------------------------------------
  g_k[15].g_m[9].u_pe_a_out_reg[1]/CK                      -       -      R     (arrival)                12975    -    20     -       0 
  g_k[15].g_m[9].u_pe_a_out_reg[1]/Q                       -       CK->Q  F     SAEDRVT14_FDPRBQ_V2_1       12  3.5    10    34      34 
  g_k[15].g_m[10].u_pe_csa_tree_add_103_47_groupi_g2467/X  -       A->X   R     SAEDRVT14_INV_1              9  2.0     8    10      44 
  g_k[15].g_m[10].u_pe_csa_tree_add_103_47_groupi_g2449/X  -       D0->X  F     SAEDRVT14_MUXI2_U_0P5        2  0.9    12    14      58 
  g_k[15].g_m[10].u_pe_csa_tree_add_103_47_groupi_g2428/X  -       A->X   R     SAEDRVT14_INV_1              9  4.0    14    16      73 
  g_k[15].g_m[10].u_pe_csa_tree_add_103_47_groupi_g2401/X  -       A2->X  F     SAEDRVT14_ND2_CDC_0P5        8  2.9    16    18      91 
  g_k[15].g_m[10].u_pe_csa_tree_add_103_47_groupi_g2360/X  -       A1->X  R     SAEDRVT14_OAI22_0P75         1  0.7    11    12     103 
  g_k[15].g_m[10].u_pe_csa_tree_add_103_47_groupi_g2335/S  -       CI->S  F     SAEDRVT14_ADDF_V1_1          1  1.3     6    39     142 
  g_k[15].g_m[10].u_pe_csa_tree_add_103_47_groupi_g2323/CO -       A->CO  F     SAEDRVT14_ADDF_V1_1          1  0.7     5    17     159 
  g_k[15].g_m[10].u_pe_csa_tree_add_103_47_groupi_g2320/CO -       CI->CO F     SAEDRVT14_ADDF_V1_1          1  0.7     5    18     176 
  g_k[15].g_m[10].u_pe_csa_tree_add_103_47_groupi_g2319/CO -       CI->CO F     SAEDRVT14_ADDF_V1_1          1  0.7     5    18     194 
  g_k[15].g_m[10].u_pe_csa_tree_add_103_47_groupi_g2318/CO -       CI->CO F     SAEDRVT14_ADDF_V1_1          1  0.7     5    18     211 
  g_k[15].g_m[10].u_pe_csa_tree_add_103_47_groupi_g2317/CO -       CI->CO F     SAEDRVT14_ADDF_V1_1          1  0.7     5    18     229 
  g_k[15].g_m[10].u_pe_csa_tree_add_103_47_groupi_g2316/CO -       CI->CO F     SAEDRVT14_ADDF_V1_1          1  0.7     5    18     246 
  g_k[15].g_m[10].u_pe_csa_tree_add_103_47_groupi_g2315/CO -       CI->CO F     SAEDRVT14_ADDF_V1_1          1  0.7     5    18     264 
  g_k[15].g_m[10].u_pe_csa_tree_add_103_47_groupi_g2314/CO -       CI->CO F     SAEDRVT14_ADDF_V1_1          1  0.7     5    18     281 
  g_k[15].g_m[10].u_pe_csa_tree_add_103_47_groupi_g2313/CO -       CI->CO F     SAEDRVT14_ADDF_V1_1          1  0.7     5    18     299 
  g_k[15].g_m[10].u_pe_csa_tree_add_103_47_groupi_g2312/CO -       CI->CO F     SAEDRVT14_ADDF_V1_1          1  0.7     5    18     316 
  g_k[15].g_m[10].u_pe_csa_tree_add_103_47_groupi_g2311/CO -       CI->CO F     SAEDRVT14_ADDF_V1_1          1  0.7     5    18     334 
  g_k[15].g_m[10].u_pe_csa_tree_add_103_47_groupi_g2310/CO -       CI->CO F     SAEDRVT14_ADDF_V1_1          1  0.7     5    18     351 
  g_k[15].g_m[10].u_pe_csa_tree_add_103_47_groupi_g2309/CO -       CI->CO F     SAEDRVT14_ADDF_V1_1          1  0.7     5    18     369 
  g_k[15].g_m[10].u_pe_csa_tree_add_103_47_groupi_g2308/CO -       CI->CO F     SAEDRVT14_ADDF_V1_1          1  0.7     5    18     386 
  g_k[15].g_m[10].u_pe_csa_tree_add_103_47_groupi_g2307/CO -       CI->CO F     SAEDRVT14_ADDF_V1_1          1  0.7     5    18     404 
  g_k[15].g_m[10].u_pe_csa_tree_add_103_47_groupi_g2306/CO -       CI->CO F     SAEDRVT14_ADDF_V1_1          1  0.7     5    18     421 
  g_k[15].g_m[10].u_pe_csa_tree_add_103_47_groupi_g2305/CO -       CI->CO F     SAEDRVT14_ADDF_V1_1          1  0.7     5    18     439 
  g_k[15].g_m[10].u_pe_csa_tree_add_103_47_groupi_g2304/CO -       CI->CO F     SAEDRVT14_ADDF_V1_1          1  0.7     5    18     456 
  g_k[15].g_m[10].u_pe_csa_tree_add_103_47_groupi_g2303/CO -       CI->CO F     SAEDRVT14_ADDF_V1_1          1  0.7     5    18     474 
  g_k[15].g_m[10].u_pe_csa_tree_add_103_47_groupi_g2302/CO -       CI->CO F     SAEDRVT14_ADDF_V1_1          1  0.7     5    18     491 
  g_k[15].g_m[10].u_pe_csa_tree_add_103_47_groupi_g2301/CO -       CI->CO F     SAEDRVT14_ADDF_V1_1          1  0.7     5    18     509 
  g_k[15].g_m[10].u_pe_csa_tree_add_103_47_groupi_g2300/CO -       CI->CO F     SAEDRVT14_ADDF_V1_1          1  0.7     5    18     526 
  g_k[15].g_m[10].u_pe_csa_tree_add_103_47_groupi_g2299/CO -       CI->CO F     SAEDRVT14_ADDF_V1_1          1  0.7     5    18     544 
  g_k[15].g_m[10].u_pe_csa_tree_add_103_47_groupi_g2298/CO -       CI->CO F     SAEDRVT14_ADDF_V1_1          1  0.7     5    18     561 
  g_k[15].g_m[10].u_pe_csa_tree_add_103_47_groupi_g2297/CO -       CI->CO F     SAEDRVT14_ADDF_V1_1          1  0.7     5    18     579 
  g_k[15].g_m[10].u_pe_csa_tree_add_103_47_groupi_g2296/CO -       CI->CO F     SAEDRVT14_ADDF_V1_1          1  0.7     5    18     596 
  g_k[15].g_m[10].u_pe_csa_tree_add_103_47_groupi_g2295/CO -       CI->CO F     SAEDRVT14_ADDF_V1_1          1  0.7     5    18     614 
  g_k[15].g_m[10].u_pe_csa_tree_add_103_47_groupi_g2294/CO -       CI->CO F     SAEDRVT14_ADDF_V1_1          1  0.5     4    17     630 
  g_k[15].g_m[10].u_pe_csa_tree_add_103_47_groupi_g2293/X  -       A1->X  R     SAEDRVT14_EN3_1              1  0.3     3    16     646 
  g_k[15].g_m[10].u_pe_g_pipe1.psum_q_reg[31]/D            -       -      R     SAEDRVT14_FDPRBQ_V2LP_1      1    -     -     0     646 
#---------------------------------------------------------------------------------------------------------------------------------------



Path 12: MET (299 ps) Setup Check with Pin g_k[15].g_m[11].u_pe_g_pipe1.psum_q_reg[31]/CK->D
          Group: clk
     Startpoint: (R) g_k[15].g_m[10].u_pe_a_out_reg[1]/CK
          Clock: (R) clk
       Endpoint: (R) g_k[15].g_m[11].u_pe_g_pipe1.psum_q_reg[31]/D
          Clock: (R) clk

                     Capture       Launch     
        Clock Edge:+    1000            0     
       Src Latency:+       0            0     
       Net Latency:+       0 (I)        0 (I) 
           Arrival:=    1000            0     
                                              
             Setup:-       4                  
       Uncertainty:-      50                  
     Required Time:=     946                  
      Launch Clock:-       0                  
         Data Path:-     646                  
             Slack:=     299                  

#---------------------------------------------------------------------------------------------------------------------------------------
#                      Timing Point                        Flags    Arc   Edge          Cell            Fanout Load Trans Delay Arrival 
#                                                                                                              (fF)  (ps)  (ps)   (ps)  
#---------------------------------------------------------------------------------------------------------------------------------------
  g_k[15].g_m[10].u_pe_a_out_reg[1]/CK                     -       -      R     (arrival)                12975    -    20     -       0 
  g_k[15].g_m[10].u_pe_a_out_reg[1]/Q                      -       CK->Q  F     SAEDRVT14_FDPRBQ_V2_1       12  3.5    10    34      34 
  g_k[15].g_m[11].u_pe_csa_tree_add_103_47_groupi_g2467/X  -       A->X   R     SAEDRVT14_INV_1              9  2.0     8    10      44 
  g_k[15].g_m[11].u_pe_csa_tree_add_103_47_groupi_g2449/X  -       D0->X  F     SAEDRVT14_MUXI2_U_0P5        2  0.9    12    14      58 
  g_k[15].g_m[11].u_pe_csa_tree_add_103_47_groupi_g2428/X  -       A->X   R     SAEDRVT14_INV_1              9  4.0    14    16      73 
  g_k[15].g_m[11].u_pe_csa_tree_add_103_47_groupi_g2401/X  -       A2->X  F     SAEDRVT14_ND2_CDC_0P5        8  2.9    16    18      91 
  g_k[15].g_m[11].u_pe_csa_tree_add_103_47_groupi_g2360/X  -       A1->X  R     SAEDRVT14_OAI22_0P75         1  0.7    11    12     103 
  g_k[15].g_m[11].u_pe_csa_tree_add_103_47_groupi_g2335/S  -       CI->S  F     SAEDRVT14_ADDF_V1_1          1  1.3     6    39     142 
  g_k[15].g_m[11].u_pe_csa_tree_add_103_47_groupi_g2323/CO -       A->CO  F     SAEDRVT14_ADDF_V1_1          1  0.7     5    17     159 
  g_k[15].g_m[11].u_pe_csa_tree_add_103_47_groupi_g2320/CO -       CI->CO F     SAEDRVT14_ADDF_V1_1          1  0.7     5    18     176 
  g_k[15].g_m[11].u_pe_csa_tree_add_103_47_groupi_g2319/CO -       CI->CO F     SAEDRVT14_ADDF_V1_1          1  0.7     5    18     194 
  g_k[15].g_m[11].u_pe_csa_tree_add_103_47_groupi_g2318/CO -       CI->CO F     SAEDRVT14_ADDF_V1_1          1  0.7     5    18     211 
  g_k[15].g_m[11].u_pe_csa_tree_add_103_47_groupi_g2317/CO -       CI->CO F     SAEDRVT14_ADDF_V1_1          1  0.7     5    18     229 
  g_k[15].g_m[11].u_pe_csa_tree_add_103_47_groupi_g2316/CO -       CI->CO F     SAEDRVT14_ADDF_V1_1          1  0.7     5    18     246 
  g_k[15].g_m[11].u_pe_csa_tree_add_103_47_groupi_g2315/CO -       CI->CO F     SAEDRVT14_ADDF_V1_1          1  0.7     5    18     264 
  g_k[15].g_m[11].u_pe_csa_tree_add_103_47_groupi_g2314/CO -       CI->CO F     SAEDRVT14_ADDF_V1_1          1  0.7     5    18     281 
  g_k[15].g_m[11].u_pe_csa_tree_add_103_47_groupi_g2313/CO -       CI->CO F     SAEDRVT14_ADDF_V1_1          1  0.7     5    18     299 
  g_k[15].g_m[11].u_pe_csa_tree_add_103_47_groupi_g2312/CO -       CI->CO F     SAEDRVT14_ADDF_V1_1          1  0.7     5    18     316 
  g_k[15].g_m[11].u_pe_csa_tree_add_103_47_groupi_g2311/CO -       CI->CO F     SAEDRVT14_ADDF_V1_1          1  0.7     5    18     334 
  g_k[15].g_m[11].u_pe_csa_tree_add_103_47_groupi_g2310/CO -       CI->CO F     SAEDRVT14_ADDF_V1_1          1  0.7     5    18     351 
  g_k[15].g_m[11].u_pe_csa_tree_add_103_47_groupi_g2309/CO -       CI->CO F     SAEDRVT14_ADDF_V1_1          1  0.7     5    18     369 
  g_k[15].g_m[11].u_pe_csa_tree_add_103_47_groupi_g2308/CO -       CI->CO F     SAEDRVT14_ADDF_V1_1          1  0.7     5    18     386 
  g_k[15].g_m[11].u_pe_csa_tree_add_103_47_groupi_g2307/CO -       CI->CO F     SAEDRVT14_ADDF_V1_1          1  0.7     5    18     404 
  g_k[15].g_m[11].u_pe_csa_tree_add_103_47_groupi_g2306/CO -       CI->CO F     SAEDRVT14_ADDF_V1_1          1  0.7     5    18     421 
  g_k[15].g_m[11].u_pe_csa_tree_add_103_47_groupi_g2305/CO -       CI->CO F     SAEDRVT14_ADDF_V1_1          1  0.7     5    18     439 
  g_k[15].g_m[11].u_pe_csa_tree_add_103_47_groupi_g2304/CO -       CI->CO F     SAEDRVT14_ADDF_V1_1          1  0.7     5    18     456 
  g_k[15].g_m[11].u_pe_csa_tree_add_103_47_groupi_g2303/CO -       CI->CO F     SAEDRVT14_ADDF_V1_1          1  0.7     5    18     474 
  g_k[15].g_m[11].u_pe_csa_tree_add_103_47_groupi_g2302/CO -       CI->CO F     SAEDRVT14_ADDF_V1_1          1  0.7     5    18     491 
  g_k[15].g_m[11].u_pe_csa_tree_add_103_47_groupi_g2301/CO -       CI->CO F     SAEDRVT14_ADDF_V1_1          1  0.7     5    18     509 
  g_k[15].g_m[11].u_pe_csa_tree_add_103_47_groupi_g2300/CO -       CI->CO F     SAEDRVT14_ADDF_V1_1          1  0.7     5    18     526 
  g_k[15].g_m[11].u_pe_csa_tree_add_103_47_groupi_g2299/CO -       CI->CO F     SAEDRVT14_ADDF_V1_1          1  0.7     5    18     544 
  g_k[15].g_m[11].u_pe_csa_tree_add_103_47_groupi_g2298/CO -       CI->CO F     SAEDRVT14_ADDF_V1_1          1  0.7     5    18     561 
  g_k[15].g_m[11].u_pe_csa_tree_add_103_47_groupi_g2297/CO -       CI->CO F     SAEDRVT14_ADDF_V1_1          1  0.7     5    18     579 
  g_k[15].g_m[11].u_pe_csa_tree_add_103_47_groupi_g2296/CO -       CI->CO F     SAEDRVT14_ADDF_V1_1          1  0.7     5    18     596 
  g_k[15].g_m[11].u_pe_csa_tree_add_103_47_groupi_g2295/CO -       CI->CO F     SAEDRVT14_ADDF_V1_1          1  0.7     5    18     614 
  g_k[15].g_m[11].u_pe_csa_tree_add_103_47_groupi_g2294/CO -       CI->CO F     SAEDRVT14_ADDF_V1_1          1  0.5     4    17     630 
  g_k[15].g_m[11].u_pe_csa_tree_add_103_47_groupi_g2293/X  -       A1->X  R     SAEDRVT14_EN3_1              1  0.3     3    16     646 
  g_k[15].g_m[11].u_pe_g_pipe1.psum_q_reg[31]/D            -       -      R     SAEDRVT14_FDPRBQ_V2LP_1      1    -     -     0     646 
#---------------------------------------------------------------------------------------------------------------------------------------



Path 13: MET (299 ps) Setup Check with Pin g_k[15].g_m[12].u_pe_g_pipe1.psum_q_reg[31]/CK->D
          Group: clk
     Startpoint: (R) g_k[15].g_m[11].u_pe_a_out_reg[1]/CK
          Clock: (R) clk
       Endpoint: (R) g_k[15].g_m[12].u_pe_g_pipe1.psum_q_reg[31]/D
          Clock: (R) clk

                     Capture       Launch     
        Clock Edge:+    1000            0     
       Src Latency:+       0            0     
       Net Latency:+       0 (I)        0 (I) 
           Arrival:=    1000            0     
                                              
             Setup:-       4                  
       Uncertainty:-      50                  
     Required Time:=     946                  
      Launch Clock:-       0                  
         Data Path:-     646                  
             Slack:=     299                  

#---------------------------------------------------------------------------------------------------------------------------------------
#                      Timing Point                        Flags    Arc   Edge          Cell            Fanout Load Trans Delay Arrival 
#                                                                                                              (fF)  (ps)  (ps)   (ps)  
#---------------------------------------------------------------------------------------------------------------------------------------
  g_k[15].g_m[11].u_pe_a_out_reg[1]/CK                     -       -      R     (arrival)                12975    -    20     -       0 
  g_k[15].g_m[11].u_pe_a_out_reg[1]/Q                      -       CK->Q  F     SAEDRVT14_FDPRBQ_V2_1       12  3.5    10    34      34 
  g_k[15].g_m[12].u_pe_csa_tree_add_103_47_groupi_g2467/X  -       A->X   R     SAEDRVT14_INV_1              9  2.0     8    10      44 
  g_k[15].g_m[12].u_pe_csa_tree_add_103_47_groupi_g2449/X  -       D0->X  F     SAEDRVT14_MUXI2_U_0P5        2  0.9    12    14      58 
  g_k[15].g_m[12].u_pe_csa_tree_add_103_47_groupi_g2428/X  -       A->X   R     SAEDRVT14_INV_1              9  4.0    14    16      73 
  g_k[15].g_m[12].u_pe_csa_tree_add_103_47_groupi_g2401/X  -       A2->X  F     SAEDRVT14_ND2_CDC_0P5        8  2.9    16    18      91 
  g_k[15].g_m[12].u_pe_csa_tree_add_103_47_groupi_g2360/X  -       A1->X  R     SAEDRVT14_OAI22_0P75         1  0.7    11    12     103 
  g_k[15].g_m[12].u_pe_csa_tree_add_103_47_groupi_g2335/S  -       CI->S  F     SAEDRVT14_ADDF_V1_1          1  1.3     6    39     142 
  g_k[15].g_m[12].u_pe_csa_tree_add_103_47_groupi_g2323/CO -       A->CO  F     SAEDRVT14_ADDF_V1_1          1  0.7     5    17     159 
  g_k[15].g_m[12].u_pe_csa_tree_add_103_47_groupi_g2320/CO -       CI->CO F     SAEDRVT14_ADDF_V1_1          1  0.7     5    18     176 
  g_k[15].g_m[12].u_pe_csa_tree_add_103_47_groupi_g2319/CO -       CI->CO F     SAEDRVT14_ADDF_V1_1          1  0.7     5    18     194 
  g_k[15].g_m[12].u_pe_csa_tree_add_103_47_groupi_g2318/CO -       CI->CO F     SAEDRVT14_ADDF_V1_1          1  0.7     5    18     211 
  g_k[15].g_m[12].u_pe_csa_tree_add_103_47_groupi_g2317/CO -       CI->CO F     SAEDRVT14_ADDF_V1_1          1  0.7     5    18     229 
  g_k[15].g_m[12].u_pe_csa_tree_add_103_47_groupi_g2316/CO -       CI->CO F     SAEDRVT14_ADDF_V1_1          1  0.7     5    18     246 
  g_k[15].g_m[12].u_pe_csa_tree_add_103_47_groupi_g2315/CO -       CI->CO F     SAEDRVT14_ADDF_V1_1          1  0.7     5    18     264 
  g_k[15].g_m[12].u_pe_csa_tree_add_103_47_groupi_g2314/CO -       CI->CO F     SAEDRVT14_ADDF_V1_1          1  0.7     5    18     281 
  g_k[15].g_m[12].u_pe_csa_tree_add_103_47_groupi_g2313/CO -       CI->CO F     SAEDRVT14_ADDF_V1_1          1  0.7     5    18     299 
  g_k[15].g_m[12].u_pe_csa_tree_add_103_47_groupi_g2312/CO -       CI->CO F     SAEDRVT14_ADDF_V1_1          1  0.7     5    18     316 
  g_k[15].g_m[12].u_pe_csa_tree_add_103_47_groupi_g2311/CO -       CI->CO F     SAEDRVT14_ADDF_V1_1          1  0.7     5    18     334 
  g_k[15].g_m[12].u_pe_csa_tree_add_103_47_groupi_g2310/CO -       CI->CO F     SAEDRVT14_ADDF_V1_1          1  0.7     5    18     351 
  g_k[15].g_m[12].u_pe_csa_tree_add_103_47_groupi_g2309/CO -       CI->CO F     SAEDRVT14_ADDF_V1_1          1  0.7     5    18     369 
  g_k[15].g_m[12].u_pe_csa_tree_add_103_47_groupi_g2308/CO -       CI->CO F     SAEDRVT14_ADDF_V1_1          1  0.7     5    18     386 
  g_k[15].g_m[12].u_pe_csa_tree_add_103_47_groupi_g2307/CO -       CI->CO F     SAEDRVT14_ADDF_V1_1          1  0.7     5    18     404 
  g_k[15].g_m[12].u_pe_csa_tree_add_103_47_groupi_g2306/CO -       CI->CO F     SAEDRVT14_ADDF_V1_1          1  0.7     5    18     421 
  g_k[15].g_m[12].u_pe_csa_tree_add_103_47_groupi_g2305/CO -       CI->CO F     SAEDRVT14_ADDF_V1_1          1  0.7     5    18     439 
  g_k[15].g_m[12].u_pe_csa_tree_add_103_47_groupi_g2304/CO -       CI->CO F     SAEDRVT14_ADDF_V1_1          1  0.7     5    18     456 
  g_k[15].g_m[12].u_pe_csa_tree_add_103_47_groupi_g2303/CO -       CI->CO F     SAEDRVT14_ADDF_V1_1          1  0.7     5    18     474 
  g_k[15].g_m[12].u_pe_csa_tree_add_103_47_groupi_g2302/CO -       CI->CO F     SAEDRVT14_ADDF_V1_1          1  0.7     5    18     491 
  g_k[15].g_m[12].u_pe_csa_tree_add_103_47_groupi_g2301/CO -       CI->CO F     SAEDRVT14_ADDF_V1_1          1  0.7     5    18     509 
  g_k[15].g_m[12].u_pe_csa_tree_add_103_47_groupi_g2300/CO -       CI->CO F     SAEDRVT14_ADDF_V1_1          1  0.7     5    18     526 
  g_k[15].g_m[12].u_pe_csa_tree_add_103_47_groupi_g2299/CO -       CI->CO F     SAEDRVT14_ADDF_V1_1          1  0.7     5    18     544 
  g_k[15].g_m[12].u_pe_csa_tree_add_103_47_groupi_g2298/CO -       CI->CO F     SAEDRVT14_ADDF_V1_1          1  0.7     5    18     561 
  g_k[15].g_m[12].u_pe_csa_tree_add_103_47_groupi_g2297/CO -       CI->CO F     SAEDRVT14_ADDF_V1_1          1  0.7     5    18     579 
  g_k[15].g_m[12].u_pe_csa_tree_add_103_47_groupi_g2296/CO -       CI->CO F     SAEDRVT14_ADDF_V1_1          1  0.7     5    18     596 
  g_k[15].g_m[12].u_pe_csa_tree_add_103_47_groupi_g2295/CO -       CI->CO F     SAEDRVT14_ADDF_V1_1          1  0.7     5    18     614 
  g_k[15].g_m[12].u_pe_csa_tree_add_103_47_groupi_g2294/CO -       CI->CO F     SAEDRVT14_ADDF_V1_1          1  0.5     4    17     630 
  g_k[15].g_m[12].u_pe_csa_tree_add_103_47_groupi_g2293/X  -       A1->X  R     SAEDRVT14_EN3_1              1  0.3     3    16     646 
  g_k[15].g_m[12].u_pe_g_pipe1.psum_q_reg[31]/D            -       -      R     SAEDRVT14_FDPRBQ_V2LP_1      1    -     -     0     646 
#---------------------------------------------------------------------------------------------------------------------------------------



Path 14: MET (299 ps) Setup Check with Pin g_k[15].g_m[13].u_pe_g_pipe1.psum_q_reg[31]/CK->D
          Group: clk
     Startpoint: (R) g_k[15].g_m[12].u_pe_a_out_reg[1]/CK
          Clock: (R) clk
       Endpoint: (R) g_k[15].g_m[13].u_pe_g_pipe1.psum_q_reg[31]/D
          Clock: (R) clk

                     Capture       Launch     
        Clock Edge:+    1000            0     
       Src Latency:+       0            0     
       Net Latency:+       0 (I)        0 (I) 
           Arrival:=    1000            0     
                                              
             Setup:-       4                  
       Uncertainty:-      50                  
     Required Time:=     946                  
      Launch Clock:-       0                  
         Data Path:-     646                  
             Slack:=     299                  

#---------------------------------------------------------------------------------------------------------------------------------------
#                      Timing Point                        Flags    Arc   Edge          Cell            Fanout Load Trans Delay Arrival 
#                                                                                                              (fF)  (ps)  (ps)   (ps)  
#---------------------------------------------------------------------------------------------------------------------------------------
  g_k[15].g_m[12].u_pe_a_out_reg[1]/CK                     -       -      R     (arrival)                12975    -    20     -       0 
  g_k[15].g_m[12].u_pe_a_out_reg[1]/Q                      -       CK->Q  F     SAEDRVT14_FDPRBQ_V2_1       12  3.5    10    34      34 
  g_k[15].g_m[13].u_pe_csa_tree_add_103_47_groupi_g2467/X  -       A->X   R     SAEDRVT14_INV_1              9  2.0     8    10      44 
  g_k[15].g_m[13].u_pe_csa_tree_add_103_47_groupi_g2449/X  -       D0->X  F     SAEDRVT14_MUXI2_U_0P5        2  0.9    12    14      58 
  g_k[15].g_m[13].u_pe_csa_tree_add_103_47_groupi_g2428/X  -       A->X   R     SAEDRVT14_INV_1              9  4.0    14    16      73 
  g_k[15].g_m[13].u_pe_csa_tree_add_103_47_groupi_g2401/X  -       A2->X  F     SAEDRVT14_ND2_CDC_0P5        8  2.9    16    18      91 
  g_k[15].g_m[13].u_pe_csa_tree_add_103_47_groupi_g2360/X  -       A1->X  R     SAEDRVT14_OAI22_0P75         1  0.7    11    12     103 
  g_k[15].g_m[13].u_pe_csa_tree_add_103_47_groupi_g2335/S  -       CI->S  F     SAEDRVT14_ADDF_V1_1          1  1.3     6    39     142 
  g_k[15].g_m[13].u_pe_csa_tree_add_103_47_groupi_g2323/CO -       A->CO  F     SAEDRVT14_ADDF_V1_1          1  0.7     5    17     159 
  g_k[15].g_m[13].u_pe_csa_tree_add_103_47_groupi_g2320/CO -       CI->CO F     SAEDRVT14_ADDF_V1_1          1  0.7     5    18     176 
  g_k[15].g_m[13].u_pe_csa_tree_add_103_47_groupi_g2319/CO -       CI->CO F     SAEDRVT14_ADDF_V1_1          1  0.7     5    18     194 
  g_k[15].g_m[13].u_pe_csa_tree_add_103_47_groupi_g2318/CO -       CI->CO F     SAEDRVT14_ADDF_V1_1          1  0.7     5    18     211 
  g_k[15].g_m[13].u_pe_csa_tree_add_103_47_groupi_g2317/CO -       CI->CO F     SAEDRVT14_ADDF_V1_1          1  0.7     5    18     229 
  g_k[15].g_m[13].u_pe_csa_tree_add_103_47_groupi_g2316/CO -       CI->CO F     SAEDRVT14_ADDF_V1_1          1  0.7     5    18     246 
  g_k[15].g_m[13].u_pe_csa_tree_add_103_47_groupi_g2315/CO -       CI->CO F     SAEDRVT14_ADDF_V1_1          1  0.7     5    18     264 
  g_k[15].g_m[13].u_pe_csa_tree_add_103_47_groupi_g2314/CO -       CI->CO F     SAEDRVT14_ADDF_V1_1          1  0.7     5    18     281 
  g_k[15].g_m[13].u_pe_csa_tree_add_103_47_groupi_g2313/CO -       CI->CO F     SAEDRVT14_ADDF_V1_1          1  0.7     5    18     299 
  g_k[15].g_m[13].u_pe_csa_tree_add_103_47_groupi_g2312/CO -       CI->CO F     SAEDRVT14_ADDF_V1_1          1  0.7     5    18     316 
  g_k[15].g_m[13].u_pe_csa_tree_add_103_47_groupi_g2311/CO -       CI->CO F     SAEDRVT14_ADDF_V1_1          1  0.7     5    18     334 
  g_k[15].g_m[13].u_pe_csa_tree_add_103_47_groupi_g2310/CO -       CI->CO F     SAEDRVT14_ADDF_V1_1          1  0.7     5    18     351 
  g_k[15].g_m[13].u_pe_csa_tree_add_103_47_groupi_g2309/CO -       CI->CO F     SAEDRVT14_ADDF_V1_1          1  0.7     5    18     369 
  g_k[15].g_m[13].u_pe_csa_tree_add_103_47_groupi_g2308/CO -       CI->CO F     SAEDRVT14_ADDF_V1_1          1  0.7     5    18     386 
  g_k[15].g_m[13].u_pe_csa_tree_add_103_47_groupi_g2307/CO -       CI->CO F     SAEDRVT14_ADDF_V1_1          1  0.7     5    18     404 
  g_k[15].g_m[13].u_pe_csa_tree_add_103_47_groupi_g2306/CO -       CI->CO F     SAEDRVT14_ADDF_V1_1          1  0.7     5    18     421 
  g_k[15].g_m[13].u_pe_csa_tree_add_103_47_groupi_g2305/CO -       CI->CO F     SAEDRVT14_ADDF_V1_1          1  0.7     5    18     439 
  g_k[15].g_m[13].u_pe_csa_tree_add_103_47_groupi_g2304/CO -       CI->CO F     SAEDRVT14_ADDF_V1_1          1  0.7     5    18     456 
  g_k[15].g_m[13].u_pe_csa_tree_add_103_47_groupi_g2303/CO -       CI->CO F     SAEDRVT14_ADDF_V1_1          1  0.7     5    18     474 
  g_k[15].g_m[13].u_pe_csa_tree_add_103_47_groupi_g2302/CO -       CI->CO F     SAEDRVT14_ADDF_V1_1          1  0.7     5    18     491 
  g_k[15].g_m[13].u_pe_csa_tree_add_103_47_groupi_g2301/CO -       CI->CO F     SAEDRVT14_ADDF_V1_1          1  0.7     5    18     509 
  g_k[15].g_m[13].u_pe_csa_tree_add_103_47_groupi_g2300/CO -       CI->CO F     SAEDRVT14_ADDF_V1_1          1  0.7     5    18     526 
  g_k[15].g_m[13].u_pe_csa_tree_add_103_47_groupi_g2299/CO -       CI->CO F     SAEDRVT14_ADDF_V1_1          1  0.7     5    18     544 
  g_k[15].g_m[13].u_pe_csa_tree_add_103_47_groupi_g2298/CO -       CI->CO F     SAEDRVT14_ADDF_V1_1          1  0.7     5    18     561 
  g_k[15].g_m[13].u_pe_csa_tree_add_103_47_groupi_g2297/CO -       CI->CO F     SAEDRVT14_ADDF_V1_1          1  0.7     5    18     579 
  g_k[15].g_m[13].u_pe_csa_tree_add_103_47_groupi_g2296/CO -       CI->CO F     SAEDRVT14_ADDF_V1_1          1  0.7     5    18     596 
  g_k[15].g_m[13].u_pe_csa_tree_add_103_47_groupi_g2295/CO -       CI->CO F     SAEDRVT14_ADDF_V1_1          1  0.7     5    18     614 
  g_k[15].g_m[13].u_pe_csa_tree_add_103_47_groupi_g2294/CO -       CI->CO F     SAEDRVT14_ADDF_V1_1          1  0.5     4    17     630 
  g_k[15].g_m[13].u_pe_csa_tree_add_103_47_groupi_g2293/X  -       A1->X  R     SAEDRVT14_EN3_1              1  0.3     3    16     646 
  g_k[15].g_m[13].u_pe_g_pipe1.psum_q_reg[31]/D            -       -      R     SAEDRVT14_FDPRBQ_V2LP_1      1    -     -     0     646 
#---------------------------------------------------------------------------------------------------------------------------------------



Path 15: MET (299 ps) Setup Check with Pin g_k[15].g_m[14].u_pe_g_pipe1.psum_q_reg[31]/CK->D
          Group: clk
     Startpoint: (R) g_k[15].g_m[13].u_pe_a_out_reg[1]/CK
          Clock: (R) clk
       Endpoint: (R) g_k[15].g_m[14].u_pe_g_pipe1.psum_q_reg[31]/D
          Clock: (R) clk

                     Capture       Launch     
        Clock Edge:+    1000            0     
       Src Latency:+       0            0     
       Net Latency:+       0 (I)        0 (I) 
           Arrival:=    1000            0     
                                              
             Setup:-       4                  
       Uncertainty:-      50                  
     Required Time:=     946                  
      Launch Clock:-       0                  
         Data Path:-     646                  
             Slack:=     299                  

#---------------------------------------------------------------------------------------------------------------------------------------
#                      Timing Point                        Flags    Arc   Edge          Cell            Fanout Load Trans Delay Arrival 
#                                                                                                              (fF)  (ps)  (ps)   (ps)  
#---------------------------------------------------------------------------------------------------------------------------------------
  g_k[15].g_m[13].u_pe_a_out_reg[1]/CK                     -       -      R     (arrival)                12975    -    20     -       0 
  g_k[15].g_m[13].u_pe_a_out_reg[1]/Q                      -       CK->Q  F     SAEDRVT14_FDPRBQ_V2_1       12  3.5    10    34      34 
  g_k[15].g_m[14].u_pe_csa_tree_add_103_47_groupi_g2467/X  -       A->X   R     SAEDRVT14_INV_1              9  2.0     8    10      44 
  g_k[15].g_m[14].u_pe_csa_tree_add_103_47_groupi_g2449/X  -       D0->X  F     SAEDRVT14_MUXI2_U_0P5        2  0.9    12    14      58 
  g_k[15].g_m[14].u_pe_csa_tree_add_103_47_groupi_g2428/X  -       A->X   R     SAEDRVT14_INV_1              9  4.0    14    16      73 
  g_k[15].g_m[14].u_pe_csa_tree_add_103_47_groupi_g2401/X  -       A2->X  F     SAEDRVT14_ND2_CDC_0P5        8  2.9    16    18      91 
  g_k[15].g_m[14].u_pe_csa_tree_add_103_47_groupi_g2360/X  -       A1->X  R     SAEDRVT14_OAI22_0P75         1  0.7    11    12     103 
  g_k[15].g_m[14].u_pe_csa_tree_add_103_47_groupi_g2335/S  -       CI->S  F     SAEDRVT14_ADDF_V1_1          1  1.3     6    39     142 
  g_k[15].g_m[14].u_pe_csa_tree_add_103_47_groupi_g2323/CO -       A->CO  F     SAEDRVT14_ADDF_V1_1          1  0.7     5    17     159 
  g_k[15].g_m[14].u_pe_csa_tree_add_103_47_groupi_g2320/CO -       CI->CO F     SAEDRVT14_ADDF_V1_1          1  0.7     5    18     176 
  g_k[15].g_m[14].u_pe_csa_tree_add_103_47_groupi_g2319/CO -       CI->CO F     SAEDRVT14_ADDF_V1_1          1  0.7     5    18     194 
  g_k[15].g_m[14].u_pe_csa_tree_add_103_47_groupi_g2318/CO -       CI->CO F     SAEDRVT14_ADDF_V1_1          1  0.7     5    18     211 
  g_k[15].g_m[14].u_pe_csa_tree_add_103_47_groupi_g2317/CO -       CI->CO F     SAEDRVT14_ADDF_V1_1          1  0.7     5    18     229 
  g_k[15].g_m[14].u_pe_csa_tree_add_103_47_groupi_g2316/CO -       CI->CO F     SAEDRVT14_ADDF_V1_1          1  0.7     5    18     246 
  g_k[15].g_m[14].u_pe_csa_tree_add_103_47_groupi_g2315/CO -       CI->CO F     SAEDRVT14_ADDF_V1_1          1  0.7     5    18     264 
  g_k[15].g_m[14].u_pe_csa_tree_add_103_47_groupi_g2314/CO -       CI->CO F     SAEDRVT14_ADDF_V1_1          1  0.7     5    18     281 
  g_k[15].g_m[14].u_pe_csa_tree_add_103_47_groupi_g2313/CO -       CI->CO F     SAEDRVT14_ADDF_V1_1          1  0.7     5    18     299 
  g_k[15].g_m[14].u_pe_csa_tree_add_103_47_groupi_g2312/CO -       CI->CO F     SAEDRVT14_ADDF_V1_1          1  0.7     5    18     316 
  g_k[15].g_m[14].u_pe_csa_tree_add_103_47_groupi_g2311/CO -       CI->CO F     SAEDRVT14_ADDF_V1_1          1  0.7     5    18     334 
  g_k[15].g_m[14].u_pe_csa_tree_add_103_47_groupi_g2310/CO -       CI->CO F     SAEDRVT14_ADDF_V1_1          1  0.7     5    18     351 
  g_k[15].g_m[14].u_pe_csa_tree_add_103_47_groupi_g2309/CO -       CI->CO F     SAEDRVT14_ADDF_V1_1          1  0.7     5    18     369 
  g_k[15].g_m[14].u_pe_csa_tree_add_103_47_groupi_g2308/CO -       CI->CO F     SAEDRVT14_ADDF_V1_1          1  0.7     5    18     386 
  g_k[15].g_m[14].u_pe_csa_tree_add_103_47_groupi_g2307/CO -       CI->CO F     SAEDRVT14_ADDF_V1_1          1  0.7     5    18     404 
  g_k[15].g_m[14].u_pe_csa_tree_add_103_47_groupi_g2306/CO -       CI->CO F     SAEDRVT14_ADDF_V1_1          1  0.7     5    18     421 
  g_k[15].g_m[14].u_pe_csa_tree_add_103_47_groupi_g2305/CO -       CI->CO F     SAEDRVT14_ADDF_V1_1          1  0.7     5    18     439 
  g_k[15].g_m[14].u_pe_csa_tree_add_103_47_groupi_g2304/CO -       CI->CO F     SAEDRVT14_ADDF_V1_1          1  0.7     5    18     456 
  g_k[15].g_m[14].u_pe_csa_tree_add_103_47_groupi_g2303/CO -       CI->CO F     SAEDRVT14_ADDF_V1_1          1  0.7     5    18     474 
  g_k[15].g_m[14].u_pe_csa_tree_add_103_47_groupi_g2302/CO -       CI->CO F     SAEDRVT14_ADDF_V1_1          1  0.7     5    18     491 
  g_k[15].g_m[14].u_pe_csa_tree_add_103_47_groupi_g2301/CO -       CI->CO F     SAEDRVT14_ADDF_V1_1          1  0.7     5    18     509 
  g_k[15].g_m[14].u_pe_csa_tree_add_103_47_groupi_g2300/CO -       CI->CO F     SAEDRVT14_ADDF_V1_1          1  0.7     5    18     526 
  g_k[15].g_m[14].u_pe_csa_tree_add_103_47_groupi_g2299/CO -       CI->CO F     SAEDRVT14_ADDF_V1_1          1  0.7     5    18     544 
  g_k[15].g_m[14].u_pe_csa_tree_add_103_47_groupi_g2298/CO -       CI->CO F     SAEDRVT14_ADDF_V1_1          1  0.7     5    18     561 
  g_k[15].g_m[14].u_pe_csa_tree_add_103_47_groupi_g2297/CO -       CI->CO F     SAEDRVT14_ADDF_V1_1          1  0.7     5    18     579 
  g_k[15].g_m[14].u_pe_csa_tree_add_103_47_groupi_g2296/CO -       CI->CO F     SAEDRVT14_ADDF_V1_1          1  0.7     5    18     596 
  g_k[15].g_m[14].u_pe_csa_tree_add_103_47_groupi_g2295/CO -       CI->CO F     SAEDRVT14_ADDF_V1_1          1  0.7     5    18     614 
  g_k[15].g_m[14].u_pe_csa_tree_add_103_47_groupi_g2294/CO -       CI->CO F     SAEDRVT14_ADDF_V1_1          1  0.5     4    17     630 
  g_k[15].g_m[14].u_pe_csa_tree_add_103_47_groupi_g2293/X  -       A1->X  R     SAEDRVT14_EN3_1              1  0.3     3    16     646 
  g_k[15].g_m[14].u_pe_g_pipe1.psum_q_reg[31]/D            -       -      R     SAEDRVT14_FDPRBQ_V2LP_1      1    -     -     0     646 
#---------------------------------------------------------------------------------------------------------------------------------------



Path 16: MET (300 ps) Setup Check with Pin g_k[13].g_m[14].u_pe_g_pipe1.psum_q_reg[31]/CK->D
          Group: clk
     Startpoint: (R) g_k[13].g_m[13].u_pe_a_out_reg[1]/CK
          Clock: (R) clk
       Endpoint: (R) g_k[13].g_m[14].u_pe_g_pipe1.psum_q_reg[31]/D
          Clock: (R) clk

                     Capture       Launch     
        Clock Edge:+    1000            0     
       Src Latency:+       0            0     
       Net Latency:+       0 (I)        0 (I) 
           Arrival:=    1000            0     
                                              
             Setup:-       4                  
       Uncertainty:-      50                  
     Required Time:=     946                  
      Launch Clock:-       0                  
         Data Path:-     646                  
             Slack:=     300                  

#---------------------------------------------------------------------------------------------------------------------------------------
#                      Timing Point                        Flags    Arc   Edge          Cell            Fanout Load Trans Delay Arrival 
#                                                                                                              (fF)  (ps)  (ps)   (ps)  
#---------------------------------------------------------------------------------------------------------------------------------------
  g_k[13].g_m[13].u_pe_a_out_reg[1]/CK                     -       -      R     (arrival)                12975    -    20     -       0 
  g_k[13].g_m[13].u_pe_a_out_reg[1]/Q                      -       CK->Q  F     SAEDRVT14_FDPRBQ_V2_1       12  3.5    10    34      34 
  g_k[13].g_m[14].u_pe_csa_tree_add_103_47_groupi_g2467/X  -       A->X   R     SAEDRVT14_INV_1              9  2.0     8    10      44 
  g_k[13].g_m[14].u_pe_csa_tree_add_103_47_groupi_g2449/X  -       D0->X  F     SAEDRVT14_MUXI2_U_0P5        2  0.9    12    14      58 
  g_k[13].g_m[14].u_pe_csa_tree_add_103_47_groupi_g2428/X  -       A->X   R     SAEDRVT14_INV_1              9  4.1    14    16      74 
  g_k[13].g_m[14].u_pe_csa_tree_add_103_47_groupi_g2401/X  -       A2->X  F     SAEDRVT14_ND2_CDC_0P5        8  3.0    16    18      92 
  g_k[13].g_m[14].u_pe_csa_tree_add_103_47_groupi_g2360/X  -       A1->X  R     SAEDRVT14_OAI22_1            1  0.7    11    11     103 
  g_k[13].g_m[14].u_pe_csa_tree_add_103_47_groupi_g2335/S  -       CI->S  F     SAEDRVT14_ADDF_V1_1          1  1.3     6    39     141 
  g_k[13].g_m[14].u_pe_csa_tree_add_103_47_groupi_g2323/CO -       A->CO  F     SAEDRVT14_ADDF_V1_1          1  0.7     5    17     158 
  g_k[13].g_m[14].u_pe_csa_tree_add_103_47_groupi_g2320/CO -       CI->CO F     SAEDRVT14_ADDF_V1_1          1  0.7     5    18     176 
  g_k[13].g_m[14].u_pe_csa_tree_add_103_47_groupi_g2319/CO -       CI->CO F     SAEDRVT14_ADDF_V1_1          1  0.7     5    18     193 
  g_k[13].g_m[14].u_pe_csa_tree_add_103_47_groupi_g2318/CO -       CI->CO F     SAEDRVT14_ADDF_V1_1          1  0.7     5    18     211 
  g_k[13].g_m[14].u_pe_csa_tree_add_103_47_groupi_g2317/CO -       CI->CO F     SAEDRVT14_ADDF_V1_1          1  0.7     5    18     228 
  g_k[13].g_m[14].u_pe_csa_tree_add_103_47_groupi_g2316/CO -       CI->CO F     SAEDRVT14_ADDF_V1_1          1  0.7     5    18     246 
  g_k[13].g_m[14].u_pe_csa_tree_add_103_47_groupi_g2315/CO -       CI->CO F     SAEDRVT14_ADDF_V1_1          1  0.7     5    18     263 
  g_k[13].g_m[14].u_pe_csa_tree_add_103_47_groupi_g2314/CO -       CI->CO F     SAEDRVT14_ADDF_V1_1          1  0.7     5    18     281 
  g_k[13].g_m[14].u_pe_csa_tree_add_103_47_groupi_g2313/CO -       CI->CO F     SAEDRVT14_ADDF_V1_1          1  0.7     5    18     298 
  g_k[13].g_m[14].u_pe_csa_tree_add_103_47_groupi_g2312/CO -       CI->CO F     SAEDRVT14_ADDF_V1_1          1  0.7     5    18     316 
  g_k[13].g_m[14].u_pe_csa_tree_add_103_47_groupi_g2311/CO -       CI->CO F     SAEDRVT14_ADDF_V1_1          1  0.7     5    18     333 
  g_k[13].g_m[14].u_pe_csa_tree_add_103_47_groupi_g2310/CO -       CI->CO F     SAEDRVT14_ADDF_V1_1          1  0.7     5    18     351 
  g_k[13].g_m[14].u_pe_csa_tree_add_103_47_groupi_g2309/CO -       CI->CO F     SAEDRVT14_ADDF_V1_1          1  0.7     5    18     368 
  g_k[13].g_m[14].u_pe_csa_tree_add_103_47_groupi_g2308/CO -       CI->CO F     SAEDRVT14_ADDF_V1_1          1  0.7     5    18     386 
  g_k[13].g_m[14].u_pe_csa_tree_add_103_47_groupi_g2307/CO -       CI->CO F     SAEDRVT14_ADDF_V1_1          1  0.7     5    18     403 
  g_k[13].g_m[14].u_pe_csa_tree_add_103_47_groupi_g2306/CO -       CI->CO F     SAEDRVT14_ADDF_V1_1          1  0.7     5    18     421 
  g_k[13].g_m[14].u_pe_csa_tree_add_103_47_groupi_g2305/CO -       CI->CO F     SAEDRVT14_ADDF_V1_1          1  0.7     5    18     438 
  g_k[13].g_m[14].u_pe_csa_tree_add_103_47_groupi_g2304/CO -       CI->CO F     SAEDRVT14_ADDF_V1_1          1  0.7     5    18     456 
  g_k[13].g_m[14].u_pe_csa_tree_add_103_47_groupi_g2303/CO -       CI->CO F     SAEDRVT14_ADDF_V1_1          1  0.7     5    18     473 
  g_k[13].g_m[14].u_pe_csa_tree_add_103_47_groupi_g2302/CO -       CI->CO F     SAEDRVT14_ADDF_V1_1          1  0.7     5    18     491 
  g_k[13].g_m[14].u_pe_csa_tree_add_103_47_groupi_g2301/CO -       CI->CO F     SAEDRVT14_ADDF_V1_1          1  0.7     5    18     508 
  g_k[13].g_m[14].u_pe_csa_tree_add_103_47_groupi_g2300/CO -       CI->CO F     SAEDRVT14_ADDF_V1_1          1  0.7     5    18     526 
  g_k[13].g_m[14].u_pe_csa_tree_add_103_47_groupi_g2299/CO -       CI->CO F     SAEDRVT14_ADDF_V1_1          1  0.7     5    18     543 
  g_k[13].g_m[14].u_pe_csa_tree_add_103_47_groupi_g2298/CO -       CI->CO F     SAEDRVT14_ADDF_V1_1          1  0.7     5    18     561 
  g_k[13].g_m[14].u_pe_csa_tree_add_103_47_groupi_g2297/CO -       CI->CO F     SAEDRVT14_ADDF_V1_1          1  0.7     5    18     578 
  g_k[13].g_m[14].u_pe_csa_tree_add_103_47_groupi_g2296/CO -       CI->CO F     SAEDRVT14_ADDF_V1_1          1  0.7     5    18     596 
  g_k[13].g_m[14].u_pe_csa_tree_add_103_47_groupi_g2295/CO -       CI->CO F     SAEDRVT14_ADDF_V1_1          1  0.7     5    18     613 
  g_k[13].g_m[14].u_pe_csa_tree_add_103_47_groupi_g2294/CO -       CI->CO F     SAEDRVT14_ADDF_V1_1          1  0.5     4    17     630 
  g_k[13].g_m[14].u_pe_csa_tree_add_103_47_groupi_g2293/X  -       A1->X  R     SAEDRVT14_EN3_1              1  0.3     3    16     646 
  g_k[13].g_m[14].u_pe_g_pipe1.psum_q_reg[31]/D            -       -      R     SAEDRVT14_FDPRBQ_V2LP_1      1    -     -     0     646 
#---------------------------------------------------------------------------------------------------------------------------------------



Path 17: MET (300 ps) Setup Check with Pin g_k[13].g_m[13].u_pe_g_pipe1.psum_q_reg[31]/CK->D
          Group: clk
     Startpoint: (R) g_k[13].g_m[12].u_pe_a_out_reg[1]/CK
          Clock: (R) clk
       Endpoint: (R) g_k[13].g_m[13].u_pe_g_pipe1.psum_q_reg[31]/D
          Clock: (R) clk

                     Capture       Launch     
        Clock Edge:+    1000            0     
       Src Latency:+       0            0     
       Net Latency:+       0 (I)        0 (I) 
           Arrival:=    1000            0     
                                              
             Setup:-       4                  
       Uncertainty:-      50                  
     Required Time:=     946                  
      Launch Clock:-       0                  
         Data Path:-     646                  
             Slack:=     300                  

#---------------------------------------------------------------------------------------------------------------------------------------
#                      Timing Point                        Flags    Arc   Edge          Cell            Fanout Load Trans Delay Arrival 
#                                                                                                              (fF)  (ps)  (ps)   (ps)  
#---------------------------------------------------------------------------------------------------------------------------------------
  g_k[13].g_m[12].u_pe_a_out_reg[1]/CK                     -       -      R     (arrival)                12975    -    20     -       0 
  g_k[13].g_m[12].u_pe_a_out_reg[1]/Q                      -       CK->Q  F     SAEDRVT14_FDPRBQ_V2_1       12  3.5    10    34      34 
  g_k[13].g_m[13].u_pe_csa_tree_add_103_47_groupi_g2467/X  -       A->X   R     SAEDRVT14_INV_1              9  2.0     8    10      44 
  g_k[13].g_m[13].u_pe_csa_tree_add_103_47_groupi_g2449/X  -       D0->X  F     SAEDRVT14_MUXI2_U_0P5        2  0.9    12    14      58 
  g_k[13].g_m[13].u_pe_csa_tree_add_103_47_groupi_g2428/X  -       A->X   R     SAEDRVT14_INV_1              9  4.1    14    16      74 
  g_k[13].g_m[13].u_pe_csa_tree_add_103_47_groupi_g2401/X  -       A2->X  F     SAEDRVT14_ND2_CDC_0P5        8  3.0    16    18      92 
  g_k[13].g_m[13].u_pe_csa_tree_add_103_47_groupi_g2360/X  -       A1->X  R     SAEDRVT14_OAI22_1            1  0.7    11    11     103 
  g_k[13].g_m[13].u_pe_csa_tree_add_103_47_groupi_g2335/S  -       CI->S  F     SAEDRVT14_ADDF_V1_1          1  1.3     6    39     141 
  g_k[13].g_m[13].u_pe_csa_tree_add_103_47_groupi_g2323/CO -       A->CO  F     SAEDRVT14_ADDF_V1_1          1  0.7     5    17     158 
  g_k[13].g_m[13].u_pe_csa_tree_add_103_47_groupi_g2320/CO -       CI->CO F     SAEDRVT14_ADDF_V1_1          1  0.7     5    18     176 
  g_k[13].g_m[13].u_pe_csa_tree_add_103_47_groupi_g2319/CO -       CI->CO F     SAEDRVT14_ADDF_V1_1          1  0.7     5    18     193 
  g_k[13].g_m[13].u_pe_csa_tree_add_103_47_groupi_g2318/CO -       CI->CO F     SAEDRVT14_ADDF_V1_1          1  0.7     5    18     211 
  g_k[13].g_m[13].u_pe_csa_tree_add_103_47_groupi_g2317/CO -       CI->CO F     SAEDRVT14_ADDF_V1_1          1  0.7     5    18     228 
  g_k[13].g_m[13].u_pe_csa_tree_add_103_47_groupi_g2316/CO -       CI->CO F     SAEDRVT14_ADDF_V1_1          1  0.7     5    18     246 
  g_k[13].g_m[13].u_pe_csa_tree_add_103_47_groupi_g2315/CO -       CI->CO F     SAEDRVT14_ADDF_V1_1          1  0.7     5    18     263 
  g_k[13].g_m[13].u_pe_csa_tree_add_103_47_groupi_g2314/CO -       CI->CO F     SAEDRVT14_ADDF_V1_1          1  0.7     5    18     281 
  g_k[13].g_m[13].u_pe_csa_tree_add_103_47_groupi_g2313/CO -       CI->CO F     SAEDRVT14_ADDF_V1_1          1  0.7     5    18     298 
  g_k[13].g_m[13].u_pe_csa_tree_add_103_47_groupi_g2312/CO -       CI->CO F     SAEDRVT14_ADDF_V1_1          1  0.7     5    18     316 
  g_k[13].g_m[13].u_pe_csa_tree_add_103_47_groupi_g2311/CO -       CI->CO F     SAEDRVT14_ADDF_V1_1          1  0.7     5    18     333 
  g_k[13].g_m[13].u_pe_csa_tree_add_103_47_groupi_g2310/CO -       CI->CO F     SAEDRVT14_ADDF_V1_1          1  0.7     5    18     351 
  g_k[13].g_m[13].u_pe_csa_tree_add_103_47_groupi_g2309/CO -       CI->CO F     SAEDRVT14_ADDF_V1_1          1  0.7     5    18     368 
  g_k[13].g_m[13].u_pe_csa_tree_add_103_47_groupi_g2308/CO -       CI->CO F     SAEDRVT14_ADDF_V1_1          1  0.7     5    18     386 
  g_k[13].g_m[13].u_pe_csa_tree_add_103_47_groupi_g2307/CO -       CI->CO F     SAEDRVT14_ADDF_V1_1          1  0.7     5    18     403 
  g_k[13].g_m[13].u_pe_csa_tree_add_103_47_groupi_g2306/CO -       CI->CO F     SAEDRVT14_ADDF_V1_1          1  0.7     5    18     421 
  g_k[13].g_m[13].u_pe_csa_tree_add_103_47_groupi_g2305/CO -       CI->CO F     SAEDRVT14_ADDF_V1_1          1  0.7     5    18     438 
  g_k[13].g_m[13].u_pe_csa_tree_add_103_47_groupi_g2304/CO -       CI->CO F     SAEDRVT14_ADDF_V1_1          1  0.7     5    18     456 
  g_k[13].g_m[13].u_pe_csa_tree_add_103_47_groupi_g2303/CO -       CI->CO F     SAEDRVT14_ADDF_V1_1          1  0.7     5    18     473 
  g_k[13].g_m[13].u_pe_csa_tree_add_103_47_groupi_g2302/CO -       CI->CO F     SAEDRVT14_ADDF_V1_1          1  0.7     5    18     491 
  g_k[13].g_m[13].u_pe_csa_tree_add_103_47_groupi_g2301/CO -       CI->CO F     SAEDRVT14_ADDF_V1_1          1  0.7     5    18     508 
  g_k[13].g_m[13].u_pe_csa_tree_add_103_47_groupi_g2300/CO -       CI->CO F     SAEDRVT14_ADDF_V1_1          1  0.7     5    18     526 
  g_k[13].g_m[13].u_pe_csa_tree_add_103_47_groupi_g2299/CO -       CI->CO F     SAEDRVT14_ADDF_V1_1          1  0.7     5    18     543 
  g_k[13].g_m[13].u_pe_csa_tree_add_103_47_groupi_g2298/CO -       CI->CO F     SAEDRVT14_ADDF_V1_1          1  0.7     5    18     561 
  g_k[13].g_m[13].u_pe_csa_tree_add_103_47_groupi_g2297/CO -       CI->CO F     SAEDRVT14_ADDF_V1_1          1  0.7     5    18     578 
  g_k[13].g_m[13].u_pe_csa_tree_add_103_47_groupi_g2296/CO -       CI->CO F     SAEDRVT14_ADDF_V1_1          1  0.7     5    18     596 
  g_k[13].g_m[13].u_pe_csa_tree_add_103_47_groupi_g2295/CO -       CI->CO F     SAEDRVT14_ADDF_V1_1          1  0.7     5    18     613 
  g_k[13].g_m[13].u_pe_csa_tree_add_103_47_groupi_g2294/CO -       CI->CO F     SAEDRVT14_ADDF_V1_1          1  0.5     4    17     630 
  g_k[13].g_m[13].u_pe_csa_tree_add_103_47_groupi_g2293/X  -       A1->X  R     SAEDRVT14_EN3_1              1  0.3     3    16     646 
  g_k[13].g_m[13].u_pe_g_pipe1.psum_q_reg[31]/D            -       -      R     SAEDRVT14_FDPRBQ_V2LP_1      1    -     -     0     646 
#---------------------------------------------------------------------------------------------------------------------------------------



Path 18: MET (300 ps) Setup Check with Pin g_k[13].g_m[12].u_pe_g_pipe1.psum_q_reg[31]/CK->D
          Group: clk
     Startpoint: (R) g_k[13].g_m[11].u_pe_a_out_reg[1]/CK
          Clock: (R) clk
       Endpoint: (R) g_k[13].g_m[12].u_pe_g_pipe1.psum_q_reg[31]/D
          Clock: (R) clk

                     Capture       Launch     
        Clock Edge:+    1000            0     
       Src Latency:+       0            0     
       Net Latency:+       0 (I)        0 (I) 
           Arrival:=    1000            0     
                                              
             Setup:-       4                  
       Uncertainty:-      50                  
     Required Time:=     946                  
      Launch Clock:-       0                  
         Data Path:-     646                  
             Slack:=     300                  

#---------------------------------------------------------------------------------------------------------------------------------------
#                      Timing Point                        Flags    Arc   Edge          Cell            Fanout Load Trans Delay Arrival 
#                                                                                                              (fF)  (ps)  (ps)   (ps)  
#---------------------------------------------------------------------------------------------------------------------------------------
  g_k[13].g_m[11].u_pe_a_out_reg[1]/CK                     -       -      R     (arrival)                12975    -    20     -       0 
  g_k[13].g_m[11].u_pe_a_out_reg[1]/Q                      -       CK->Q  F     SAEDRVT14_FDPRBQ_V2_1       12  3.5    10    34      34 
  g_k[13].g_m[12].u_pe_csa_tree_add_103_47_groupi_g2467/X  -       A->X   R     SAEDRVT14_INV_1              9  2.0     8    10      44 
  g_k[13].g_m[12].u_pe_csa_tree_add_103_47_groupi_g2449/X  -       D0->X  F     SAEDRVT14_MUXI2_U_0P5        2  0.9    12    14      58 
  g_k[13].g_m[12].u_pe_csa_tree_add_103_47_groupi_g2428/X  -       A->X   R     SAEDRVT14_INV_1              9  4.1    14    16      74 
  g_k[13].g_m[12].u_pe_csa_tree_add_103_47_groupi_g2401/X  -       A2->X  F     SAEDRVT14_ND2_CDC_0P5        8  3.0    16    18      92 
  g_k[13].g_m[12].u_pe_csa_tree_add_103_47_groupi_g2360/X  -       A1->X  R     SAEDRVT14_OAI22_1            1  0.7    11    11     103 
  g_k[13].g_m[12].u_pe_csa_tree_add_103_47_groupi_g2335/S  -       CI->S  F     SAEDRVT14_ADDF_V1_1          1  1.3     6    39     141 
  g_k[13].g_m[12].u_pe_csa_tree_add_103_47_groupi_g2323/CO -       A->CO  F     SAEDRVT14_ADDF_V1_1          1  0.7     5    17     158 
  g_k[13].g_m[12].u_pe_csa_tree_add_103_47_groupi_g2320/CO -       CI->CO F     SAEDRVT14_ADDF_V1_1          1  0.7     5    18     176 
  g_k[13].g_m[12].u_pe_csa_tree_add_103_47_groupi_g2319/CO -       CI->CO F     SAEDRVT14_ADDF_V1_1          1  0.7     5    18     193 
  g_k[13].g_m[12].u_pe_csa_tree_add_103_47_groupi_g2318/CO -       CI->CO F     SAEDRVT14_ADDF_V1_1          1  0.7     5    18     211 
  g_k[13].g_m[12].u_pe_csa_tree_add_103_47_groupi_g2317/CO -       CI->CO F     SAEDRVT14_ADDF_V1_1          1  0.7     5    18     228 
  g_k[13].g_m[12].u_pe_csa_tree_add_103_47_groupi_g2316/CO -       CI->CO F     SAEDRVT14_ADDF_V1_1          1  0.7     5    18     246 
  g_k[13].g_m[12].u_pe_csa_tree_add_103_47_groupi_g2315/CO -       CI->CO F     SAEDRVT14_ADDF_V1_1          1  0.7     5    18     263 
  g_k[13].g_m[12].u_pe_csa_tree_add_103_47_groupi_g2314/CO -       CI->CO F     SAEDRVT14_ADDF_V1_1          1  0.7     5    18     281 
  g_k[13].g_m[12].u_pe_csa_tree_add_103_47_groupi_g2313/CO -       CI->CO F     SAEDRVT14_ADDF_V1_1          1  0.7     5    18     298 
  g_k[13].g_m[12].u_pe_csa_tree_add_103_47_groupi_g2312/CO -       CI->CO F     SAEDRVT14_ADDF_V1_1          1  0.7     5    18     316 
  g_k[13].g_m[12].u_pe_csa_tree_add_103_47_groupi_g2311/CO -       CI->CO F     SAEDRVT14_ADDF_V1_1          1  0.7     5    18     333 
  g_k[13].g_m[12].u_pe_csa_tree_add_103_47_groupi_g2310/CO -       CI->CO F     SAEDRVT14_ADDF_V1_1          1  0.7     5    18     351 
  g_k[13].g_m[12].u_pe_csa_tree_add_103_47_groupi_g2309/CO -       CI->CO F     SAEDRVT14_ADDF_V1_1          1  0.7     5    18     368 
  g_k[13].g_m[12].u_pe_csa_tree_add_103_47_groupi_g2308/CO -       CI->CO F     SAEDRVT14_ADDF_V1_1          1  0.7     5    18     386 
  g_k[13].g_m[12].u_pe_csa_tree_add_103_47_groupi_g2307/CO -       CI->CO F     SAEDRVT14_ADDF_V1_1          1  0.7     5    18     403 
  g_k[13].g_m[12].u_pe_csa_tree_add_103_47_groupi_g2306/CO -       CI->CO F     SAEDRVT14_ADDF_V1_1          1  0.7     5    18     421 
  g_k[13].g_m[12].u_pe_csa_tree_add_103_47_groupi_g2305/CO -       CI->CO F     SAEDRVT14_ADDF_V1_1          1  0.7     5    18     438 
  g_k[13].g_m[12].u_pe_csa_tree_add_103_47_groupi_g2304/CO -       CI->CO F     SAEDRVT14_ADDF_V1_1          1  0.7     5    18     456 
  g_k[13].g_m[12].u_pe_csa_tree_add_103_47_groupi_g2303/CO -       CI->CO F     SAEDRVT14_ADDF_V1_1          1  0.7     5    18     473 
  g_k[13].g_m[12].u_pe_csa_tree_add_103_47_groupi_g2302/CO -       CI->CO F     SAEDRVT14_ADDF_V1_1          1  0.7     5    18     491 
  g_k[13].g_m[12].u_pe_csa_tree_add_103_47_groupi_g2301/CO -       CI->CO F     SAEDRVT14_ADDF_V1_1          1  0.7     5    18     508 
  g_k[13].g_m[12].u_pe_csa_tree_add_103_47_groupi_g2300/CO -       CI->CO F     SAEDRVT14_ADDF_V1_1          1  0.7     5    18     526 
  g_k[13].g_m[12].u_pe_csa_tree_add_103_47_groupi_g2299/CO -       CI->CO F     SAEDRVT14_ADDF_V1_1          1  0.7     5    18     543 
  g_k[13].g_m[12].u_pe_csa_tree_add_103_47_groupi_g2298/CO -       CI->CO F     SAEDRVT14_ADDF_V1_1          1  0.7     5    18     561 
  g_k[13].g_m[12].u_pe_csa_tree_add_103_47_groupi_g2297/CO -       CI->CO F     SAEDRVT14_ADDF_V1_1          1  0.7     5    18     578 
  g_k[13].g_m[12].u_pe_csa_tree_add_103_47_groupi_g2296/CO -       CI->CO F     SAEDRVT14_ADDF_V1_1          1  0.7     5    18     596 
  g_k[13].g_m[12].u_pe_csa_tree_add_103_47_groupi_g2295/CO -       CI->CO F     SAEDRVT14_ADDF_V1_1          1  0.7     5    18     613 
  g_k[13].g_m[12].u_pe_csa_tree_add_103_47_groupi_g2294/CO -       CI->CO F     SAEDRVT14_ADDF_V1_1          1  0.5     4    17     630 
  g_k[13].g_m[12].u_pe_csa_tree_add_103_47_groupi_g2293/X  -       A1->X  R     SAEDRVT14_EN3_1              1  0.3     3    16     646 
  g_k[13].g_m[12].u_pe_g_pipe1.psum_q_reg[31]/D            -       -      R     SAEDRVT14_FDPRBQ_V2LP_1      1    -     -     0     646 
#---------------------------------------------------------------------------------------------------------------------------------------



Path 19: MET (300 ps) Setup Check with Pin g_k[13].g_m[11].u_pe_g_pipe1.psum_q_reg[31]/CK->D
          Group: clk
     Startpoint: (R) g_k[13].g_m[10].u_pe_a_out_reg[1]/CK
          Clock: (R) clk
       Endpoint: (R) g_k[13].g_m[11].u_pe_g_pipe1.psum_q_reg[31]/D
          Clock: (R) clk

                     Capture       Launch     
        Clock Edge:+    1000            0     
       Src Latency:+       0            0     
       Net Latency:+       0 (I)        0 (I) 
           Arrival:=    1000            0     
                                              
             Setup:-       4                  
       Uncertainty:-      50                  
     Required Time:=     946                  
      Launch Clock:-       0                  
         Data Path:-     646                  
             Slack:=     300                  

#---------------------------------------------------------------------------------------------------------------------------------------
#                      Timing Point                        Flags    Arc   Edge          Cell            Fanout Load Trans Delay Arrival 
#                                                                                                              (fF)  (ps)  (ps)   (ps)  
#---------------------------------------------------------------------------------------------------------------------------------------
  g_k[13].g_m[10].u_pe_a_out_reg[1]/CK                     -       -      R     (arrival)                12975    -    20     -       0 
  g_k[13].g_m[10].u_pe_a_out_reg[1]/Q                      -       CK->Q  F     SAEDRVT14_FDPRBQ_V2_1       12  3.5    10    34      34 
  g_k[13].g_m[11].u_pe_csa_tree_add_103_47_groupi_g2467/X  -       A->X   R     SAEDRVT14_INV_1              9  2.0     8    10      44 
  g_k[13].g_m[11].u_pe_csa_tree_add_103_47_groupi_g2449/X  -       D0->X  F     SAEDRVT14_MUXI2_U_0P5        2  0.9    12    14      58 
  g_k[13].g_m[11].u_pe_csa_tree_add_103_47_groupi_g2428/X  -       A->X   R     SAEDRVT14_INV_1              9  4.1    14    16      74 
  g_k[13].g_m[11].u_pe_csa_tree_add_103_47_groupi_g2401/X  -       A2->X  F     SAEDRVT14_ND2_CDC_0P5        8  3.0    16    18      92 
  g_k[13].g_m[11].u_pe_csa_tree_add_103_47_groupi_g2360/X  -       A1->X  R     SAEDRVT14_OAI22_1            1  0.7    11    11     103 
  g_k[13].g_m[11].u_pe_csa_tree_add_103_47_groupi_g2335/S  -       CI->S  F     SAEDRVT14_ADDF_V1_1          1  1.3     6    39     141 
  g_k[13].g_m[11].u_pe_csa_tree_add_103_47_groupi_g2323/CO -       A->CO  F     SAEDRVT14_ADDF_V1_1          1  0.7     5    17     158 
  g_k[13].g_m[11].u_pe_csa_tree_add_103_47_groupi_g2320/CO -       CI->CO F     SAEDRVT14_ADDF_V1_1          1  0.7     5    18     176 
  g_k[13].g_m[11].u_pe_csa_tree_add_103_47_groupi_g2319/CO -       CI->CO F     SAEDRVT14_ADDF_V1_1          1  0.7     5    18     193 
  g_k[13].g_m[11].u_pe_csa_tree_add_103_47_groupi_g2318/CO -       CI->CO F     SAEDRVT14_ADDF_V1_1          1  0.7     5    18     211 
  g_k[13].g_m[11].u_pe_csa_tree_add_103_47_groupi_g2317/CO -       CI->CO F     SAEDRVT14_ADDF_V1_1          1  0.7     5    18     228 
  g_k[13].g_m[11].u_pe_csa_tree_add_103_47_groupi_g2316/CO -       CI->CO F     SAEDRVT14_ADDF_V1_1          1  0.7     5    18     246 
  g_k[13].g_m[11].u_pe_csa_tree_add_103_47_groupi_g2315/CO -       CI->CO F     SAEDRVT14_ADDF_V1_1          1  0.7     5    18     263 
  g_k[13].g_m[11].u_pe_csa_tree_add_103_47_groupi_g2314/CO -       CI->CO F     SAEDRVT14_ADDF_V1_1          1  0.7     5    18     281 
  g_k[13].g_m[11].u_pe_csa_tree_add_103_47_groupi_g2313/CO -       CI->CO F     SAEDRVT14_ADDF_V1_1          1  0.7     5    18     298 
  g_k[13].g_m[11].u_pe_csa_tree_add_103_47_groupi_g2312/CO -       CI->CO F     SAEDRVT14_ADDF_V1_1          1  0.7     5    18     316 
  g_k[13].g_m[11].u_pe_csa_tree_add_103_47_groupi_g2311/CO -       CI->CO F     SAEDRVT14_ADDF_V1_1          1  0.7     5    18     333 
  g_k[13].g_m[11].u_pe_csa_tree_add_103_47_groupi_g2310/CO -       CI->CO F     SAEDRVT14_ADDF_V1_1          1  0.7     5    18     351 
  g_k[13].g_m[11].u_pe_csa_tree_add_103_47_groupi_g2309/CO -       CI->CO F     SAEDRVT14_ADDF_V1_1          1  0.7     5    18     368 
  g_k[13].g_m[11].u_pe_csa_tree_add_103_47_groupi_g2308/CO -       CI->CO F     SAEDRVT14_ADDF_V1_1          1  0.7     5    18     386 
  g_k[13].g_m[11].u_pe_csa_tree_add_103_47_groupi_g2307/CO -       CI->CO F     SAEDRVT14_ADDF_V1_1          1  0.7     5    18     403 
  g_k[13].g_m[11].u_pe_csa_tree_add_103_47_groupi_g2306/CO -       CI->CO F     SAEDRVT14_ADDF_V1_1          1  0.7     5    18     421 
  g_k[13].g_m[11].u_pe_csa_tree_add_103_47_groupi_g2305/CO -       CI->CO F     SAEDRVT14_ADDF_V1_1          1  0.7     5    18     438 
  g_k[13].g_m[11].u_pe_csa_tree_add_103_47_groupi_g2304/CO -       CI->CO F     SAEDRVT14_ADDF_V1_1          1  0.7     5    18     456 
  g_k[13].g_m[11].u_pe_csa_tree_add_103_47_groupi_g2303/CO -       CI->CO F     SAEDRVT14_ADDF_V1_1          1  0.7     5    18     473 
  g_k[13].g_m[11].u_pe_csa_tree_add_103_47_groupi_g2302/CO -       CI->CO F     SAEDRVT14_ADDF_V1_1          1  0.7     5    18     491 
  g_k[13].g_m[11].u_pe_csa_tree_add_103_47_groupi_g2301/CO -       CI->CO F     SAEDRVT14_ADDF_V1_1          1  0.7     5    18     508 
  g_k[13].g_m[11].u_pe_csa_tree_add_103_47_groupi_g2300/CO -       CI->CO F     SAEDRVT14_ADDF_V1_1          1  0.7     5    18     526 
  g_k[13].g_m[11].u_pe_csa_tree_add_103_47_groupi_g2299/CO -       CI->CO F     SAEDRVT14_ADDF_V1_1          1  0.7     5    18     543 
  g_k[13].g_m[11].u_pe_csa_tree_add_103_47_groupi_g2298/CO -       CI->CO F     SAEDRVT14_ADDF_V1_1          1  0.7     5    18     561 
  g_k[13].g_m[11].u_pe_csa_tree_add_103_47_groupi_g2297/CO -       CI->CO F     SAEDRVT14_ADDF_V1_1          1  0.7     5    18     578 
  g_k[13].g_m[11].u_pe_csa_tree_add_103_47_groupi_g2296/CO -       CI->CO F     SAEDRVT14_ADDF_V1_1          1  0.7     5    18     596 
  g_k[13].g_m[11].u_pe_csa_tree_add_103_47_groupi_g2295/CO -       CI->CO F     SAEDRVT14_ADDF_V1_1          1  0.7     5    18     613 
  g_k[13].g_m[11].u_pe_csa_tree_add_103_47_groupi_g2294/CO -       CI->CO F     SAEDRVT14_ADDF_V1_1          1  0.5     4    17     630 
  g_k[13].g_m[11].u_pe_csa_tree_add_103_47_groupi_g2293/X  -       A1->X  R     SAEDRVT14_EN3_1              1  0.3     3    16     646 
  g_k[13].g_m[11].u_pe_g_pipe1.psum_q_reg[31]/D            -       -      R     SAEDRVT14_FDPRBQ_V2LP_1      1    -     -     0     646 
#---------------------------------------------------------------------------------------------------------------------------------------



Path 20: MET (300 ps) Setup Check with Pin g_k[13].g_m[0].u_pe_g_pipe1.psum_q_reg[31]/CK->D
          Group: clk
     Startpoint: (R) g_iskew[13].g_delay.sr_reg[12][1]/CK
          Clock: (R) clk
       Endpoint: (R) g_k[13].g_m[0].u_pe_g_pipe1.psum_q_reg[31]/D
          Clock: (R) clk

                     Capture       Launch     
        Clock Edge:+    1000            0     
       Src Latency:+       0            0     
       Net Latency:+       0 (I)        0 (I) 
           Arrival:=    1000            0     
                                              
             Setup:-       4                  
       Uncertainty:-      50                  
     Required Time:=     946                  
      Launch Clock:-       0                  
         Data Path:-     646                  
             Slack:=     300                  

#--------------------------------------------------------------------------------------------------------------------------------------
#                      Timing Point                       Flags    Arc   Edge          Cell            Fanout Load Trans Delay Arrival 
#                                                                                                             (fF)  (ps)  (ps)   (ps)  
#--------------------------------------------------------------------------------------------------------------------------------------
  g_iskew[13].g_delay.sr_reg[12][1]/CK                    -       -      R     (arrival)                12975    -    20     -       0 
  g_iskew[13].g_delay.sr_reg[12][1]/Q                     -       CK->Q  F     SAEDRVT14_FDPRBQ_V2_1       12  3.5    10    34      34 
  g_k[13].g_m[0].u_pe_csa_tree_add_103_47_groupi_g2467/X  -       A->X   R     SAEDRVT14_INV_1              9  2.0     8    10      44 
  g_k[13].g_m[0].u_pe_csa_tree_add_103_47_groupi_g2449/X  -       D0->X  F     SAEDRVT14_MUXI2_U_0P5        2  0.9    12    14      58 
  g_k[13].g_m[0].u_pe_csa_tree_add_103_47_groupi_g2428/X  -       A->X   R     SAEDRVT14_INV_1              9  4.1    14    16      74 
  g_k[13].g_m[0].u_pe_csa_tree_add_103_47_groupi_g2401/X  -       A2->X  F     SAEDRVT14_ND2_CDC_0P5        8  3.0    16    18      92 
  g_k[13].g_m[0].u_pe_csa_tree_add_103_47_groupi_g2360/X  -       A1->X  R     SAEDRVT14_OAI22_1            1  0.7    11    11     103 
  g_k[13].g_m[0].u_pe_csa_tree_add_103_47_groupi_g2335/S  -       CI->S  F     SAEDRVT14_ADDF_V1_1          1  1.3     6    39     141 
  g_k[13].g_m[0].u_pe_csa_tree_add_103_47_groupi_g2323/CO -       A->CO  F     SAEDRVT14_ADDF_V1_1          1  0.7     5    17     158 
  g_k[13].g_m[0].u_pe_csa_tree_add_103_47_groupi_g2320/CO -       CI->CO F     SAEDRVT14_ADDF_V1_1          1  0.7     5    18     176 
  g_k[13].g_m[0].u_pe_csa_tree_add_103_47_groupi_g2319/CO -       CI->CO F     SAEDRVT14_ADDF_V1_1          1  0.7     5    18     193 
  g_k[13].g_m[0].u_pe_csa_tree_add_103_47_groupi_g2318/CO -       CI->CO F     SAEDRVT14_ADDF_V1_1          1  0.7     5    18     211 
  g_k[13].g_m[0].u_pe_csa_tree_add_103_47_groupi_g2317/CO -       CI->CO F     SAEDRVT14_ADDF_V1_1          1  0.7     5    18     228 
  g_k[13].g_m[0].u_pe_csa_tree_add_103_47_groupi_g2316/CO -       CI->CO F     SAEDRVT14_ADDF_V1_1          1  0.7     5    18     246 
  g_k[13].g_m[0].u_pe_csa_tree_add_103_47_groupi_g2315/CO -       CI->CO F     SAEDRVT14_ADDF_V1_1          1  0.7     5    18     263 
  g_k[13].g_m[0].u_pe_csa_tree_add_103_47_groupi_g2314/CO -       CI->CO F     SAEDRVT14_ADDF_V1_1          1  0.7     5    18     281 
  g_k[13].g_m[0].u_pe_csa_tree_add_103_47_groupi_g2313/CO -       CI->CO F     SAEDRVT14_ADDF_V1_1          1  0.7     5    18     298 
  g_k[13].g_m[0].u_pe_csa_tree_add_103_47_groupi_g2312/CO -       CI->CO F     SAEDRVT14_ADDF_V1_1          1  0.7     5    18     316 
  g_k[13].g_m[0].u_pe_csa_tree_add_103_47_groupi_g2311/CO -       CI->CO F     SAEDRVT14_ADDF_V1_1          1  0.7     5    18     333 
  g_k[13].g_m[0].u_pe_csa_tree_add_103_47_groupi_g2310/CO -       CI->CO F     SAEDRVT14_ADDF_V1_1          1  0.7     5    18     351 
  g_k[13].g_m[0].u_pe_csa_tree_add_103_47_groupi_g2309/CO -       CI->CO F     SAEDRVT14_ADDF_V1_1          1  0.7     5    18     368 
  g_k[13].g_m[0].u_pe_csa_tree_add_103_47_groupi_g2308/CO -       CI->CO F     SAEDRVT14_ADDF_V1_1          1  0.7     5    18     386 
  g_k[13].g_m[0].u_pe_csa_tree_add_103_47_groupi_g2307/CO -       CI->CO F     SAEDRVT14_ADDF_V1_1          1  0.7     5    18     403 
  g_k[13].g_m[0].u_pe_csa_tree_add_103_47_groupi_g2306/CO -       CI->CO F     SAEDRVT14_ADDF_V1_1          1  0.7     5    18     421 
  g_k[13].g_m[0].u_pe_csa_tree_add_103_47_groupi_g2305/CO -       CI->CO F     SAEDRVT14_ADDF_V1_1          1  0.7     5    18     438 
  g_k[13].g_m[0].u_pe_csa_tree_add_103_47_groupi_g2304/CO -       CI->CO F     SAEDRVT14_ADDF_V1_1          1  0.7     5    18     456 
  g_k[13].g_m[0].u_pe_csa_tree_add_103_47_groupi_g2303/CO -       CI->CO F     SAEDRVT14_ADDF_V1_1          1  0.7     5    18     473 
  g_k[13].g_m[0].u_pe_csa_tree_add_103_47_groupi_g2302/CO -       CI->CO F     SAEDRVT14_ADDF_V1_1          1  0.7     5    18     491 
  g_k[13].g_m[0].u_pe_csa_tree_add_103_47_groupi_g2301/CO -       CI->CO F     SAEDRVT14_ADDF_V1_1          1  0.7     5    18     508 
  g_k[13].g_m[0].u_pe_csa_tree_add_103_47_groupi_g2300/CO -       CI->CO F     SAEDRVT14_ADDF_V1_1          1  0.7     5    18     526 
  g_k[13].g_m[0].u_pe_csa_tree_add_103_47_groupi_g2299/CO -       CI->CO F     SAEDRVT14_ADDF_V1_1          1  0.7     5    18     543 
  g_k[13].g_m[0].u_pe_csa_tree_add_103_47_groupi_g2298/CO -       CI->CO F     SAEDRVT14_ADDF_V1_1          1  0.7     5    18     561 
  g_k[13].g_m[0].u_pe_csa_tree_add_103_47_groupi_g2297/CO -       CI->CO F     SAEDRVT14_ADDF_V1_1          1  0.7     5    18     578 
  g_k[13].g_m[0].u_pe_csa_tree_add_103_47_groupi_g2296/CO -       CI->CO F     SAEDRVT14_ADDF_V1_1          1  0.7     5    18     596 
  g_k[13].g_m[0].u_pe_csa_tree_add_103_47_groupi_g2295/CO -       CI->CO F     SAEDRVT14_ADDF_V1_1          1  0.7     5    18     613 
  g_k[13].g_m[0].u_pe_csa_tree_add_103_47_groupi_g2294/CO -       CI->CO F     SAEDRVT14_ADDF_V1_1          1  0.5     4    17     630 
  g_k[13].g_m[0].u_pe_csa_tree_add_103_47_groupi_g2293/X  -       A1->X  R     SAEDRVT14_EN3_1              1  0.3     3    16     646 
  g_k[13].g_m[0].u_pe_g_pipe1.psum_q_reg[31]/D            -       -      R     SAEDRVT14_FDPRBQ_V2LP_1      1    -     -     0     646 
#--------------------------------------------------------------------------------------------------------------------------------------

